time,open,high,low,close,Volume
1776800220,267.73,267.7399,267.62,267.72,66778
1776800280,267.725,267.7399,267.37,267.43,86109
1776800340,267.445,267.48,267.21,267.33,82807
1776800400,267.335,267.35,267.0801,267.18,64565
1776800460,267.2,267.22,266.7,266.71,139329
1776800520,266.73,266.75,266.25,266.34,213982
1776800580,266.33,266.43,266.13,266.33,89550
1776800640,266.33,266.34,266.06,266.3,108035
1776800700,266.33,266.55,266.2903,266.42,108459
1776800760,266.41,266.64,266.4,266.64,68933
1776800820,266.625,266.87,266.62,266.765,84550
1776800880,266.79,266.83,266.58,266.6,134366
1776800940,266.59,266.69,266.57,266.61,111344
1776801000,266.62,267.01,266.62,266.7101,118972
1776801060,266.71,266.76,266.6,266.63,133033
1776801120,266.64,266.76,266.5201,266.725,106544
1776801180,266.75,266.99,266.727434,266.89,144199
1776801240,266.9,267.07,266.82,266.865,142635
1776801300,266.87,266.88,266.33,266.425,263890
1776801360,266.425,266.47,266.19,266.28,182455
1776801420,266.27,266.28,265.94,265.97,282365
1776801480,265.97,265.98,265.87,265.95,316178
1776801540,265.95,266.23,265.945,266.22,672492
1776864600,267.74,268.15,267.15,267.95,1089814
1776864660,267.965,268.05,267.03,267.12,204465
1776864720,267.0932,267.7,267.09,267.67,99019
1776864780,267.69,268.0399,267.66,267.8783,152195
1776864840,267.86,267.8899,267.08,267.32,117905
1776864900,267.35,267.65,267.35,267.64,86898
1776864960,267.65,267.66,266.99,267.0499,85069
1776865020,267.025,267.3698,266.87,267.36,60005
1776865080,267.34,267.6499,267.23,267.5801,87144
1776865140,267.595,267.85,267.59,267.84,109494
1776865200,267.825,268.01,267.6,267.755,89761
1776865260,267.755,268.31,267.689585,268.285,134662
1776865320,268.31,268.48,268.05,268.455,131315
1776865380,268.455,268.6,268.29,268.395,142870
1776865440,268.4399,268.4399,268.13,268.24,57520
1776865500,268.3,268.65,268.2901,268.63,140422
1776865560,268.61,269.12,268.5437,268.8,196081
1776865620,268.8575,269.1,268.72,268.96,111862
1776865680,268.9244,269.03,268.72,268.96,103635
1776865740,268.94,268.94,268.51,268.545,121413
1776865800,268.51,268.97,268.47,268.86,65510
1776865860,268.81,268.95,268.6,268.785,61813
1776865920,268.76,268.86,268.345,268.37,68786
1776865980,268.37,268.73,268.365,268.685,45498
1776866040,268.655,268.7999,268.51,268.56,65928
1776866100,268.56,268.82,268.49,268.8,41183
1776866160,268.79,268.81,268.64,268.64,75248
1776866220,268.65,268.74,268.55,268.595,49616
1776866280,268.58,268.64,268.28,268.29,59747
1776866340,268.255,268.5,268.17,268.5,62452
1776866400,268.44,268.6,268.43,268.55,67345
1776866460,268.59,268.89,268.59,268.8699,87248
1776866520,268.86,269.02,268.83,268.91,95405
1776866580,268.92,269.03,268.84,268.97,80114
1776866640,268.94,269.1,268.92,269.085,52362
1776866700,269.085,269.1813,268.96,268.9602,83250
1776866760,268.96,269.4,268.9101,269.38,85099
1776866820,269.38,269.69,269.35,269.66,150734
1776866880,269.63,269.7751,269.59,269.7301,122776
1776866940,269.74,269.79,269.5,269.68,78316
1776867000,269.675,270.21,269.675,270.185,359097
1776867060,270.17,270.46,270.11,270.3536,198608
1776867120,270.3799,270.55,270.1,270.1,155858
1776867180,270.11,270.61,270.011,270.5601,149421
1776867240,270.555,270.78,270.44,270.665,125080
1776867300,270.6601,270.84,270.6,270.72,153456
1776867360,270.72,270.73,270.34,270.5601,119968
1776867420,270.57,271.2,270.535,271.18,191347
1776867480,271.18,271.5,270.9021,271.47,192333
1776867540,271.47,271.5,271.2,271.36,145455
1776867600,271.35,271.75,271.345,271.535,212327
1776867660,271.54,271.775,271.49,271.7301,156609
1776867720,271.7399,271.78,271.58,271.59,131134
1776867780,271.58,271.61,271.19,271.3886,130461
1776867840,271.37,271.59,271.328,271.58,96813
1776867900,271.58,271.64,271.34,271.39,93226
1776867960,271.37,271.5,271.3299,271.38,48164
1776868020,271.367,271.89,271.3602,271.85,114381
1776868080,271.84,271.89,271.63,271.72,104417
1776868140,271.72,271.94,271.62,271.94,67843
1776868200,271.94,272.1,271.9,272.04,193831
1776868260,272.04,272.34,272,272.275,163124
1776868320,272.27,272.425,272.0006,272.055,136769
1776868380,272.05,272.375,271.8501,272.375,123256
1776868440,272.375,272.56,272.25,272.35,140485
1776868500,272.31,272.38,272,272.04,120700
1776868560,272.05,272.27,272,272.13,81701
1776868620,272.11,272.27,272.09,272.195,52323
1776868680,272.2,272.2665,271.9201,271.96,102554
1776868740,271.96,272.04,271.82,271.85,85971
1776868800,271.85,271.86,271.595,271.8599,99002
1776868860,271.84,271.8858,271.7301,271.85,73275
1776868920,271.81,272.07,271.81,272.02,67358
1776868980,272.01,272.09,271.71,271.73,50907
1776869040,271.73,271.82,271.6007,271.6298,51413
1776869100,271.615,271.8494,271.6002,271.65,50048
1776869160,271.67,271.725,271.35,271.38,107962
1776869220,271.3507,271.51,271.3,271.43,106533
1776869280,271.43,271.4599,271.22,271.2209,68667
1776869340,271.22,271.22,270.98,271.01,124785
1776869400,271.01,271.3,271,271.26,90285
1776869460,271.2899,271.43,271.17,271.19,58423
1776869520,271.19,271.3199,271.1301,271.26,32387
1776869580,271.24,271.45,271.21,271.45,35762
1776869640,271.4601,271.67,271.4601,271.67,44707
1776869700,271.64,271.79,271.5,271.5,63367
1776869760,271.49,271.5299,271.28,271.32,34909
1776869820,271.31,271.34,271.115,271.115,32560
1776869880,271.13,271.33,271.06,271.285,37556
1776869940,271.29,271.3101,271.22,271.28,33128
1776870000,271.27,271.35,271.21,271.23,49729
1776870060,271.23,271.54,271.22,271.51,42452
1776870120,271.5,271.6499,271.5,271.535,56163
1776870180,271.535,271.73,271.5321,271.66,53639
1776870240,271.645,271.79,271.53,271.66,26383
1776870300,271.65,271.69,271.51,271.52,25425
1776870360,271.5,271.66,271.4348,271.58,23304
1776870420,271.68,271.905,271.6106,271.89,43725
1776870480,271.89,271.92,271.73,271.755,35242
1776870540,271.7501,271.78,271.65,271.7001,40975
1776870600,271.73,271.95,271.73,271.83,69425
1776870660,271.81,272.08,271.79,272.03,58342
1776870720,272.03,272.03,271.8601,271.98,32415
1776870780,271.985,272.25,271.985,272.18,53265
1776870840,272.18,272.24,272.16,272.21,30855
1776870900,272.23,272.29,272.18,272.256,61811
1776870960,272.25,272.3192,272.065,272.11,57753
1776871020,272.115,272.12,272.02,272.095,30551
1776871080,272.08,272.08,271.9,272.02,48430
1776871140,272.02,272.205,272.01,272.205,28606
1776871200,272.21,272.32,272.16,272.305,43900
1776871260,272.305,272.35,272.23,272.2402,49426
1776871320,272.245,272.31,272.1,272.115,61372
1776871380,272.115,272.22,272.1,272.19,34768
1776871440,272.187,272.25,272.11,272.2,25720
1776871500,272.2,272.35,272.19,272.325,49838
1776871560,272.33,272.46,272.315,272.42,90713
1776871620,272.42,272.52,272.36,272.48,52202
1776871680,272.49,272.65,272.48,272.6299,76409
1776871740,272.62,272.765,272.365,272.4001,121940
1776871800,272.4,272.57,272.26,272.56,52684
1776871860,272.58,272.585,272.394,272.42,41307
1776871920,272.41,272.59,272.395,272.585,89888
1776871980,272.585,272.75,272.56,272.7201,104891
1776872040,272.7299,272.92,272.69,272.69,100450
1776872100,272.73,272.79,272.47,272.535,68719
1776872160,272.54,272.705,272.47,272.69,52511
1776872220,272.695,272.85,272.695,272.7599,67577
1776872280,272.75,272.795,272.66,272.705,53053
1776872340,272.7,272.7,272.47,272.48,65852
1776872400,272.49,272.64,272.48,272.6201,49271
1776872460,272.635,273.09,272.635,273.08,183576
1776872520,273.05,273.2509,273.01,273.0101,173932
1776872580,273.02,273.055,272.745,272.78,72034
1776872640,272.79,272.91,272.74,272.84,57952
1776872700,272.85,272.95,272.83,272.925,54358
1776872760,272.91,272.99,272.83,272.83,45651
1776872820,272.83,272.86,272.68,272.71,54376
1776872880,272.71,272.8899,272.71,272.755,37928
1776872940,272.7301,272.9,272.7301,272.85,41508
1776873000,272.87,273,272.81,272.825,43338
1776873060,272.83,272.91,272.82,272.91,20936
1776873120,272.91,272.95,272.77,272.8878,30809
1776873180,272.895,273.08,272.845,273.0701,46041
1776873240,273.075,273.1,272.97,273.0382,24922
1776873300,273.03,273.12,273.03,273.075,29540
1776873360,273.07,273.15,273.05,273.14,26854
1776873420,273.14,273.1499,272.97,273.03,45825
1776873480,273.01,273.019,272.9,272.92,26733
1776873540,272.93,273.06,272.88,273.01,28116
1776873600,273.02,273.15,272.81,272.88,58303
1776873660,272.87,272.92,272.81,272.88,28799
1776873720,272.861,272.99,272.86,272.96,23718
1776873780,272.975,273.07,272.95,273.0399,41549
1776873840,273.04,273.19,273.025,273.06,42316
1776873900,273.06,273.31,273.06,273.31,56484
1776873960,273.31,273.505,273.26,273.28,109343
1776874020,273.29,273.47,273.2301,273.42,47837
1776874080,273.41,273.47,273.36,273.375,35172
1776874140,273.375,273.395,273.25,273.29,44581
1776874200,273.2798,273.34,273.06,273.06,58979
1776874260,273.06,273.1191,272.92,272.98,63472
1776874320,272.985,273.03,272.89,272.96,36810
1776874380,272.98,273.01,272.894352,272.97,27480
1776874440,272.97,273.3,272.95,273.2,97308
1776874500,273.22,273.38,273.17,273.335,60568
1776874560,273.34,273.35,273.22,273.25,56046
1776874620,273.24,273.36,273.17,273.29,39847
1776874680,273.28,273.3,272.95,273.05,34734
1776874740,273.0599,273.0599,272.8132,272.8132,41080
1776874800,272.86,272.99,272.86,272.9294,25185
1776874860,272.94,272.975,272.76,272.85,39629
1776874920,272.85,272.85,272.74,272.79,46513
1776874980,272.775,272.85,272.75,272.85,36015
1776875040,272.83,272.8999,272.74,272.74,32955
1776875100,272.74,272.89,272.69,272.8899,68584
1776875160,272.8899,272.895,272.74,272.76,27165
1776875220,272.75,272.86,272.6901,272.77,49681
1776875280,272.77,272.78,272.7,272.7,24601
1776875340,272.71,272.72,272.55,272.69,45948
1776875400,272.7,272.7999,272.62,272.75,56926
1776875460,272.755,272.82,272.72,272.79,37350
1776875520,272.78,272.82,272.73,272.8,20331
1776875580,272.79,272.9,272.78,272.9,30471
1776875640,272.8996,272.91,272.7901,272.895,30131
1776875700,272.92,272.93,272.65,272.675,48770
1776875760,272.67,272.6928,272.44,272.475,50762
1776875820,272.47,272.64,272.4,272.63,61778
1776875880,272.63,272.6799,272.57,272.62,22914
1776875940,272.6101,272.79,272.6101,272.745,42211
1776876000,272.78,272.8,272.67,272.73,18623
1776876060,272.74,272.8,272.72,272.75,17285
1776876120,272.74,272.78,272.49,272.54,42964
1776876180,272.57,272.735,272.5602,272.725,27897
1776876240,272.74,272.8,272.68,272.765,29923
1776876300,272.75,272.77,272.62,272.64,21581
1776876360,272.64,272.645,272.515,272.585,21869
1776876420,272.6,272.62,272.465,272.48,23171
1776876480,272.48,272.57,272.46,272.53,22681
1776876540,272.56,272.7799,272.55,272.76,23451
1776876600,272.74,272.7899,272.66,272.69,25542
1776876660,272.68,272.78,272.675,272.69,23100
1776876720,272.67,272.685,272.5,272.53,23460
1776876780,272.52,272.521,272.36,272.49,52236
1776876840,272.52,272.52,272.42,272.51,29352
1776876900,272.54,272.6,272.46,272.5,23396
1776876960,272.505,272.62,272.45,272.52,37796
1776877020,272.51,272.6,272.51,272.54,22352
1776877080,272.54,272.585,272.4501,272.5,30303
1776877140,272.495,272.58,272.43,272.495,17639
1776877200,272.48,272.6,272.4701,272.54,22926
1776877260,272.54,272.75,272.5,272.65,43285
1776877320,272.65,272.73,272.5,272.505,26820
1776877380,272.51,272.6,272.51,272.55,19542
1776877440,272.53,272.61,272.52,272.56,32324
1776877500,272.55,272.5799,272.48,272.54,28370
1776877560,272.53,272.5999,272.53,272.5999,16775
1776877620,272.58,272.87,272.58,272.83,52480
1776877680,272.83,273.1,272.81,273.08,95420
1776877740,273.06,273.26,273.03,273.25,103244
1776877800,273.23,273.42,273.14,273.32,149496
1776877860,273.31,273.35,273.19,273.22,71548
1776877920,273.22,273.2799,273.18,273.25,26631
1776877980,273.235,273.235,273.04,273.09,29334
1776878040,273.08,273.18,272.99,273.18,29816
1776878100,273.18,273.3,273.18,273.24,37186
1776878160,273.24,273.3805,272.5,273.03,147387
1776878220,273.0498,273.2,273.02,273.12,52451
1776878280,273.11,273.12,272.908,272.9094,33896
1776878340,272.9069,272.94,272.815,272.9201,26774
1776878400,272.92,273.16,272.91,273.16,31932
1776878460,273.2,273.28,273.18,273.28,24035
1776878520,273.28,273.3225,273.24,273.3001,32214
1776878580,273.32,273.35,273.2,273.2,21897
1776878640,273.19,273.275,273.18,273.23,13841
1776878700,273.22,273.2513,273.2,273.24,21688
1776878760,273.2401,273.3,273.24,273.29,16234
1776878820,273.29,273.29,273.08,273.13,37825
1776878880,273.14,273.14,273.08,273.11,9461
1776878940,273.1009,273.23,273.1,273.23,11655
1776879000,273.24,273.3,273.19,273.3,22587
1776879060,273.29,273.34,273.2316,273.335,38193
1776879120,273.335,273.37,273.32,273.36,26254
1776879180,273.365,273.39,273.295,273.335,27351
1776879240,273.3205,273.5299,273.3201,273.44,58942
1776879300,273.44,273.565,273.41696,273.55,35558
1776879360,273.5599,273.65,273.51,273.54,38788
1776879420,273.53,273.55,273.38,273.53,20504
1776879480,273.53,273.5599,273.3902,273.4399,28211
1776879540,273.43,273.58,273.42,273.575,12723
1776879600,273.575,273.63,273.56,273.629,33198
1776879660,273.61,273.61,273.4901,273.4901,23271
1776879720,273.4906,273.56,273.4601,273.53,24047
1776879780,273.555,273.58,273.54,273.56,17302
1776879840,273.56,273.5951,273.55,273.58,23681
1776879900,273.585,273.655,273.55,273.58,44207
1776879960,273.57,273.6,273.53,273.57,36438
1776880020,273.565,273.7172,273.54,273.5942,50957
1776880080,273.58,273.69,273.525,273.53,22017
1776880140,273.56,273.62,273.55,273.605,21033
1776880200,273.59,273.61,273.44,273.46,19417
1776880260,273.455,273.5,273.42,273.48,23909
1776880320,273.49,273.49,273.41,273.415,12025
1776880380,273.41,273.4299,273.1717,273.26,45165
1776880440,273.27,273.48,273.26,273.44,62633
1776880500,273.43,273.5,273.415,273.5,45817
1776880560,273.49,273.49,273.42,273.46,22591
1776880620,273.47,273.59,273.47,273.555,31561
1776880680,273.55,273.62,273.54,273.61,45632
1776880740,273.595,273.595,273.46,273.47,41286
1776880800,273.47,273.71,273.45,273.7,54735
1776880860,273.72,273.74,273.6,273.62,37531
1776880920,273.62,273.665,273.59,273.65,35285
1776880980,273.64,273.65,273.59,273.6,15031
1776881040,273.6,273.605,273.42,273.45,26032
1776881100,273.4602,273.54,273.45,273.485,43737
1776881160,273.485,273.49,273.4006,273.445,19185
1776881220,273.44,273.45,273.31,273.448,33930
1776881280,273.44,273.47,273.42,273.46,18925
1776881340,273.46,273.46,273.33,273.355,16535
1776881400,273.355,273.36,273.28,273.295,26392
1776881460,273.295,273.35,273.26,273.35,23791
1776881520,273.36,273.46,273.36,273.4023,17904
1776881580,273.4,273.42,273.33,273.36,15316
1776881640,273.35,273.36,273.24,273.26,18985
1776881700,273.26,273.26,273.18,273.18,14503
1776881760,273.2,273.2,273.065,273.07,29838
1776881820,273.091,273.13,272.9701,273.12,33312
1776881880,273.12,273.19,273.1,273.16,35853
1776881940,273.16,273.16,273.0001,273.04,19902
1776882000,273.04,273.125,273,273.1,54222
1776882060,273.0972,273.13,273,273.015,29248
1776882120,273.02,273.045,272.9075,272.98,21371
1776882180,272.97,273,272.84,272.84,27870
1776882240,272.85,272.855,272.765,272.79,51616
1776882300,272.795,272.83,272.77,272.8,24598
1776882360,272.82,272.82,272.67,272.74,40142
1776882420,272.735,272.735,272.62,272.64,23137
1776882480,272.6599,272.83,272.655,272.81,37536
1776882540,272.8,272.8394,272.685,272.685,26214
1776882600,272.71,272.745,272.6482,272.745,26651
1776882660,272.75,272.78,272.67,272.685,13612
1776882720,272.685,272.7,272.57,272.57,15303
1776882780,272.59,272.6596,272.56,272.6,26856
1776882840,272.6,272.63,272.57,272.58,16593
1776882900,272.585,272.775,272.58,272.76,31747
1776882960,272.75,272.755,272.63,272.65,18677
1776883020,272.64,272.64,272.55,272.634,15840
1776883080,272.62,272.63,272.55,272.55,12863
1776883140,272.55,272.63,272.53,272.62,34157
1776883200,272.615,272.621,272.53,272.57,14943
1776883260,272.57,272.58,272.4,272.4196,77212
1776883320,272.41,272.46,272.35,272.38,34507
1776883380,272.37,272.4199,272.28,272.3101,44386
1776883440,272.34,272.47184,272.34,272.42,26737
1776883500,272.43,272.48,272.38,272.455,29082
1776883560,272.46,272.52,272.4372,272.51,32561
1776883620,272.5,272.51,272.44,272.475,20780
1776883680,272.46,272.46,272.365,272.4,24745
1776883740,272.405,272.4599,272.3602,272.43,23108
1776883800,272.42,272.44,272.3201,272.41,36461
1776883860,272.415,272.44,272.2801,272.31,31375
1776883920,272.31,272.39,272.3,272.39,11652
1776883980,272.38,272.4,272.3,272.3,16150
1776884040,272.29,272.34,272.29,272.315,17553
1776884100,272.3,272.34,272.2,272.2422,22388
1776884160,272.24,272.245,272.1005,272.17,37549
1776884220,272.18,272.255,272.16,272.24,33787
1776884280,272.24,272.36,272.24,272.34,19445
1776884340,272.34,272.46,272.31,272.42,44105
1776884400,272.43,272.47,272.26,272.405,38026
1776884460,272.42,272.55,272.37,272.52,62015
1776884520,272.51,272.5363,272.45,272.535,18620
1776884580,272.52,272.61,272.52,272.5899,26394
1776884640,272.59,272.6551,272.57,272.615,39088
1776884700,272.63,272.665,272.49,272.51,30189
1776884760,272.52,272.55,272.48,272.485,19555
1776884820,272.49,272.49,272.345,272.345,31631
1776884880,272.35,272.4,272.27,272.32,31967
1776884940,272.33,272.47,272.33,272.47,57712
1776885000,272.475,272.5,272.426697,272.44,15028
1776885060,272.44,272.485,272.42,272.42,16060
1776885120,272.415,272.43,272.34,272.375,20966
1776885180,272.36,272.375,272.27,272.35,38795
1776885240,272.35,272.36,272.27,272.35,25246
1776885300,272.345,272.39,272.29,272.375,39447
1776885360,272.38,272.38,272.28,272.38,27663
1776885420,272.3799,272.44,272.325,272.3308,20703
1776885480,272.34,272.42,272.27,272.375,26132
1776885540,272.36,272.5,272.36,272.48,30879
1776885600,272.48,272.54,272.385,272.49,45879
1776885660,272.48,272.54,272.45,272.53,23528
1776885720,272.53,272.54,272.41,272.47,34906
1776885780,272.5,272.67,272.5,272.62,41869
1776885840,272.6497,272.75,272.64,272.75,23027
1776885900,272.75,272.8,272.64,272.72,90103
1776885960,272.69,272.71,272.64,272.67,25754
1776886020,272.67,272.82,272.66,272.79,38483
1776886080,272.79,272.8028,272.7081,272.745,44118
1776886140,272.745,272.76,272.68,272.71,39861
1776886200,272.73,272.73,272.57,272.66,85726
1776886260,272.68,272.76,272.58,272.72,38126
1776886320,272.72,272.79,272.7,272.77,28709
1776886380,272.775,272.82,272.74,272.78,41809
1776886440,272.79,272.91,272.78,272.89,51020
1776886500,272.89,272.93,272.785,272.8601,63576
1776886560,272.87,272.9,272.85,272.9,44800
1776886620,272.88,272.94,272.88,272.94,48428
1776886680,272.93,273,272.9,272.955,38860
1776886740,272.95,272.9651,272.84,272.86,74315
1776886800,272.89,272.89,272.8,272.83,39948
1776886860,272.8315,272.905,272.82,272.87,32492
1776886920,272.87,273,272.869429,272.97,50133
1776886980,272.9699,272.98,272.83,272.855,53808
1776887040,272.86,272.88,272.83,272.85,37856
1776887100,272.85,272.95,272.83,272.915,45857
1776887160,272.92,272.95,272.87,272.895392,25590
1776887220,272.885,272.96,272.83,272.93,49867
1776887280,272.92,272.9699,272.86,272.9699,49563
1776887340,272.96,272.97,272.7935,272.88,61532
1776887400,272.8901,273.05,272.74,272.99,152641
1776887460,272.99,273.05,272.96,272.9882,92265
1776887520,272.985,273.04,272.67,272.7,94250
1776887580,272.68,272.79,272.55,272.7601,154791
1776887640,272.77,272.9734,272.64,272.715,99598
1776887700,272.7,272.95,272.66,272.8901,181970
1776887760,272.9,272.92,272.8,272.86,142601
1776887820,272.87,273.015,272.795,272.98,223351
1776887880,272.98,273.18,272.97,273.14,376753
1776887940,273.13,273.26,273.11,273.19,720647
1776951000,274.9,275.68,274.24,274.31,939011
1776951060,274.26,275.02,274.15,274.9556,154640
1776951120,274.965,275.04,274.33,274.59,132291
1776951180,274.61,274.95,274.4114,274.83,125173
1776951240,274.8125,275.2,274.71,275.09,134530
1776951300,275.09,275.7,275.05,275.5793,158085
1776951360,275.58,275.77,274.4834,274.51,188307
1776951420,274.49,275.03,274.38,274.9914,99816
1776951480,274.981,275.02,274.44,274.86,60574
1776951540,274.8401,275,274.44,274.46,48003
1776951600,274.443346,274.62,274.3,274.495,82318
1776951660,274.54,274.61,273.76,274.005,153884
1776951720,274,274.1,273.4001,273.4001,82430
1776951780,273.42,273.4601,273.1355,273.18,77568
1776951840,273.1999,273.55,273.19,273.53,60446
1776951900,273.5,273.59,273.13,273.34,65301
1776951960,273.34,273.71,273.34,273.62,50704
1776952020,273.61,273.9097,273.35,273.885,56092
1776952080,273.91,274.045,273.5,273.5,70878
1776952140,273.5,273.68,273.4601,273.57,44610
1776952200,273.5,273.72,273.3,273.66,59228
1776952260,273.64,273.81,273.51,273.62,30842
1776952320,273.63,273.8099,273.44,273.48,41393
1776952380,273.48,273.56,273.38,273.56,30549
1776952440,273.5711,273.83,273.54,273.68,37562
1776952500,273.73,273.85,273.64,273.72,29124
1776952560,273.75,274.02,273.73,273.95,78248
1776952620,273.97,274.03,273.8,273.9314,46410
1776952680,273.92,274.1488,273.8801,274.0599,66132
1776952740,274.03,274.06,273.64,273.71,67004
1776952800,273.695,273.7,273.43,273.47,47738
1776952860,273.48,274.2,273.48,274.2,102686
1776952920,274.2052,274.2728,273.95,274.13,59948
1776952980,274.12,274.17,273.63,273.785,82299
1776953040,273.78,274.06,273.76,273.97,38282
1776953100,274,274.29,273.9,274.17,32261
1776953160,274.205,274.36,274.125,274.36,27202
1776953220,274.29,274.46,274.2183,274.445,47613
1776953280,274.405,274.5244,274.25,274.47,37889
1776953340,274.48,274.6,274.285,274.57,86007
1776953400,274.53,274.53,274.13,274.175,32364
1776953460,274.19,274.33,274,274.2912,29788
1776953520,274.29,274.39,274.1827,274.35,25799
1776953580,274.355,274.37,274.08,274.08,31841
1776953640,274.105,274.19,273.86,273.9,42593
1776953700,273.88,274.08,273.86,274.045,43092
1776953760,274.03,274.27,274.03,274.27,25902
1776953820,274.27,274.5385,274.13,274.4121,55618
1776953880,274.3901,274.48,274.275,274.42,23474
1776953940,274.4,274.42,274.24,274.26,23553
1776954000,274.275,274.41,274.24,274.33,24756
1776954060,274.3,274.315,273.95,274.05,46892
1776954120,274.01,274.12,273.91,274.12,21638
1776954180,274.12,274.28,274.09,274.28,32846
1776954240,274.275,274.3387,274.1965,274.23,22837
1776954300,274.21,274.27,274.11,274.17,12927
1776954360,274.18,274.18,273.8,273.8,57568
1776954420,273.83,273.915,273.83,273.88,24163
1776954480,273.884,273.93,273.64,273.93,39998
1776954540,273.94,274.05,273.8746,273.94,27633
1776954600,273.97,274.0945,273.91,273.9775,38029
1776954660,273.94,274.13,273.94,274.12,20435
1776954720,274.13,274.21,273.99,274,29206
1776954780,274,274.13,273.93,274.11,13664
1776954840,274.115,274.19,274.01,274.04,13276
1776954900,274.055,274.19,273.91,273.91,30336
1776954960,273.915,273.9699,273.87,273.92,16559
1776955020,273.925,273.925,273.75,273.868,35307
1776955080,273.86,273.89,273.64,273.7,59237
1776955140,273.72,273.9099,273.715,273.76,24865
1776955200,273.7899,273.7899,273.55,273.5655,43116
1776955260,273.6,273.6,273.42,273.48,43009
1776955320,273.44,273.55,273.338,273.45,46604
1776955380,273.47,273.59,273.42,273.59,18035
1776955440,273.6,273.71,273.59,273.59,24962
1776955500,273.63,273.77,273.59,273.75,29553
1776955560,273.735,273.8,273.68,273.79,19130
1776955620,273.785,273.97,273.77,273.97,19211
1776955680,273.955,274,273.9,273.95,34418
1776955740,273.95,273.99,273.92,273.92,15682
1776955800,273.91,274.13,273.88,274.13,34494
1776955860,274.13,274.25,274.12,274.215,73044
1776955920,274.21,274.29,274.1504,274.245,25138
1776955980,274.24,274.28,274.11,274.125,20428
1776956040,274.15,274.24,274.1,274.2,11078
1776956100,274.175,274.31,274.175,274.21,22580
1776956160,274.19,274.27,274.11,274.245,30745
1776956220,274.245,274.275,274.18,274.21,37465
1776956280,274.215,274.23,274.05,274.09,45124
1776956340,274.06,274.125,273.93,273.93,25353
1776956400,273.935,274.05,273.935,273.96,12876
1776956460,273.95,274.0404,273.93,273.99,26150
1776956520,273.97,274.13,273.97,274.03,28834
1776956580,274.04,274.0605,273.89,273.915,19903
1776956640,273.9,273.9,273.7,273.745,46401
1776956700,273.73,273.76,273.6527,273.695,54110
1776956760,273.695,273.78,273.58,273.62,30280
1776956820,273.5999,273.675,273.52,273.525,32727
1776956880,273.52,273.57,273.42,273.49,42159
1776956940,273.49,273.64,273.45,273.64,29490
1776957000,273.63,273.71,273.54,273.54,21421
1776957060,273.515,273.5899,273.42,273.46,22310
1776957120,273.48,273.49,273.37,273.385,23053
1776957180,273.385,273.4586,273.2704,273.29,34038
1776957240,273.295,273.488,273.27,273.37,33534
1776957300,273.38,273.44,273.3101,273.415,30043
1776957360,273.415,273.47,273.35,273.46,17197
1776957420,273.46,273.62,273.43,273.45,37140
1776957480,273.46,273.58,273.4,273.543527,19705
1776957540,273.54,273.55,273.442,273.48,17010
1776957600,273.46,273.55,273.45,273.53,25407
1776957660,273.52,273.74,273.51,273.705,34637
1776957720,273.705,273.72,273.57,273.68,19032
1776957780,273.685,273.8,273.68,273.74,28799
1776957840,273.715,273.76,273.67,273.69,16676
1776957900,273.68,273.805,273.66,273.805,34715
1776957960,273.805,273.84,273.66,273.73,60062
1776958020,273.7375,273.79,273.66,273.75,15495
1776958080,273.73,273.73,273.605,273.62,16431
1776958140,273.63,273.75,273.595,273.68,14418
1776958200,273.645,274.085,273.6,274.085,69205
1776958260,274.09,274.38,274.07,274.28456,147256
1776958320,274.29,274.41,274.27,274.33,48425
1776958380,274.33,274.35,274.12,274.13,31299
1776958440,274.13,274.2,274.05,274.06,33499
1776958500,274.07,274.07,273.96,274.03,17266
1776958560,274.02,274.06,273.9401,273.95,34860
1776958620,273.945,273.96,273.82,273.87,24200
1776958680,273.87,273.88,273.7,273.71,19507
1776958740,273.7,273.815,273.66,273.81,60389
1776958800,273.8,273.8,273.7,273.735,24481
1776958860,273.74,273.78,273.6112,273.67,17903
1776958920,273.667,273.675,273.5713,273.6,16432
1776958980,273.59,273.6199,273.48,273.495,34938
1776959040,273.49,273.49,273.28,273.32,39080
1776959100,273.3,273.31,273.14,273.17,40082
1776959160,273.165,273.2201,273.0305,273.2201,31695
1776959220,273.2292,273.43,273.2292,273.3951,42306
1776959280,273.4,273.48,273.3102,273.345,40414
1776959340,273.35,273.45,273.29,273.43,11749
1776959400,273.42,273.57,273.39,273.51,41533
1776959460,273.51,273.56,273.39,273.39,22833
1776959520,273.34,273.42,273.3,273.42,17360
1776959580,273.385,273.43,273.335,273.335,14539
1776959640,273.3,273.395,273.2103,273.25,18692
1776959700,273.2799,273.33,273.21,273.2701,25622
1776959760,273.295,273.57,273.295,273.53,54745
1776959820,273.515,273.525,273.2301,273.245,36611
1776959880,273.24,273.335,273.215,273.31,17060
1776959940,273.32,273.41,273.23,273.41,13066
1776960000,273.42,273.435,273.23,273.23,13368
1776960060,273.23,273.335,273.12,273.12,17890
1776960120,273.105,273.24,273.08,273.215,44570
1776960180,273.23,273.39,273.2009,273.35,27271
1776960240,273.3401,273.37,273.22,273.22,17024
1776960300,273.21,273.295,273.1701,273.295,20498
1776960360,273.2801,273.34,273.21,273.27,13962
1776960420,273.29,273.3,273.175,273.19,12003
1776960480,273.185,273.285,273.185,273.26,18306
1776960540,273.25,273.355,273.24,273.325,34550
1776960600,273.335,273.3751,273.31,273.31,12200
1776960660,273.32,273.34,273.22,273.3,11578
1776960720,273.34,273.4599,273.34,273.38,16914
1776960780,273.37,273.42,273.34,273.4,7420
1776960840,273.38,273.38,273.335,273.355,19517
1776960900,273.35,273.43,273.34,273.34,13892
1776960960,273.3201,273.45,273.3201,273.435,23823
1776961020,273.435,273.53,273.4,273.43,37376
1776961080,273.425,273.6,273.42,273.49,36132
1776961140,273.485,273.5299,273.45,273.46,13275
1776961200,273.47,273.6,273.47,273.54,22215
1776961260,273.535,273.535,273.27,273.315,21369
1776961320,273.32,273.352,273.282,273.3399,15391
1776961380,273.34,273.46,273.34,273.3901,8598
1776961440,273.4,273.52,273.38,273.49,17711
1776961500,273.4991,273.57,273.49,273.57,12900
1776961560,273.57,273.65,273.57,273.65,26436
1776961620,273.642,273.68,273.59,273.68,14614
1776961680,273.68,273.68,273.59,273.64,12494
1776961740,273.65,273.6601,273.57,273.6,13803
1776961800,273.6,273.63,273.54,273.575,19759
1776961860,273.57,273.9927,273.44,273.49,34477
1776961920,273.51,273.55,273.47,273.49,11903
1776961980,273.51,273.58,273.47,273.55,10307
1776962040,273.5401,273.58,273.515,273.515,12912
1776962100,273.515,273.6,273.503,273.58,20696
1776962160,273.6,273.67,273.59,273.6299,27593
1776962220,273.605,273.61,273.51,273.52,13310
1776962280,273.53,273.53,273.45,273.4501,20936
1776962340,273.45,273.45,273.34,273.36,23963
1776962400,273.35,273.36,273.31,273.35,22501
1776962460,273.35,273.4,273.25,273.25,14759
1776962520,273.25,273.3,273.11,273.15,56458
1776962580,273.12,273.14,273.0613,273.14,27002
1776962640,273.15,273.15,272.96,273.06,69483
1776962700,273.06,273.15,273.025,273.15,25827
1776962760,273.14,273.2,273.11,273.14,15599
1776962820,273.14,273.23,273.12,273.14,20113
1776962880,273.15,273.21,273.115,273.18,12532
1776962940,273.19,273.21,273.115,273.14,18699
1776963000,273.145,273.1696,272.99,273.01,30832
1776963060,273.01,273.13,273.01,273.095,10022
1776963120,273.095,273.15,273.075,273.145,9083
1776963180,273.14,273.2,273.12,273.17,18667
1776963240,273.17,273.19,273.14,273.15,27292
1776963300,273.145,273.16,273.08,273.13,28829
1776963360,273.132,273.17,273.1,273.17,18887
1776963420,273.16,273.21,273.1,273.21,17335
1776963480,273.2,273.24,273.03,273.09,28842
1776963540,273.06,273.13,273,273,17860
1776963600,273.02,273.02,272.9107,272.99,15663
1776963660,273,273.035,272.53,272.575,71102
1776963720,272.57,272.8,272.52,272.75,39464
1776963780,272.76,272.83,272.59,272.75,31248
1776963840,272.777,272.85,272.57,272.67,21722
1776963900,272.6603,272.69,272.45,272.58,33509
1776963960,272.5601,272.67,272.43,272.67,149745
1776964020,272.67,272.7681,272.6,272.66,16551
1776964080,272.66,272.685,272.6,272.675,15919
1776964140,272.67,272.71,272.5,272.51,34731
1776964200,272.5,272.59,272.3,272.575,32059
1776964260,272.59,272.66,272.41,272.52,24881
1776964320,272.55,272.69,272.37,272.4,22405
1776964380,272.4,272.46,272.34,272.46,28263
1776964440,272.5,272.57,272.39,272.48,25633
1776964500,272.495,272.5,272.2715,272.28,21758
1776964560,272.26,272.52,272.1,272.29,41875
1776964620,272.3,272.3,272.11,272.23,28644
1776964680,272.22,272.36,272.21,272.325,38702
1776964740,272.3325,272.395,272.19,272.39,47675
1776964800,272.405,272.43,272.28,272.37,18136
1776964860,272.44,272.48,272.28,272.3199,33208
1776964920,272.3,272.34,272.0901,272.28,52940
1776964980,272.28,272.48,272.24,272.46,25380
1776965040,272.49,272.59,272.36,272.4,22490
1776965100,272.43,272.5999,272.365,272.55,38555
1776965160,272.57,272.98,272.57,272.91,42346
1776965220,272.89,272.89,272.55,272.65,33137
1776965280,272.65,272.65,272.3,272.34,23887
1776965340,272.32,272.44,272.17,272.24,26778
1776965400,272.25,272.5,272.225,272.405,15312
1776965460,272.405383,272.415,272.16,272.39,19407
1776965520,272.39,272.6,272.36,272.51,25001
1776965580,272.54,272.58,272.46,272.58,9865
1776965640,272.585,272.73,272.585,272.69,35132
1776965700,272.73,272.86,272.5101,272.57,20298
1776965760,272.56,272.57,272.17,272.26,25893
1776965820,272.29,272.29,272.14,272.2371,22803
1776965880,272.26,272.38,272.22,272.36,24795
1776965940,272.39,272.46,272.27,272.31,12274
1776966000,272.34,272.35,272.13,272.21,26835
1776966060,272.19,272.19,271.9201,271.96,55789
1776966120,271.945,272.34,271.78,272.19,84789
1776966180,272.17,272.19,272.01,272.15,28352
1776966240,272.12,272.15,271.9496,272.11,27359
1776966300,272.15,272.17,271.86,272.04,40369
1776966360,272.04,272.04,271.69,271.805,39756
1776966420,271.79,272.27,271.65,272.15,105504
1776966480,272.15,272.33,272.06,272.13,55708
1776966540,272.15,272.25,271.8201,271.92,42161
1776966600,271.89,272.1,271.73,272.01,38725
1776966660,272.03,272.05,271.89,271.98,40849
1776966720,271.99,272.06,271.75,271.84,36002
1776966780,271.87,273.13,271.83,272.47,171335
1776966840,272.45,272.62,272.18,272.45,61026
1776966900,272.435,272.71,272.3,272.61,40881
1776966960,272.63,272.85,272.47,272.47,42640
1776967020,272.51,272.7399,272.49,272.57,33681
1776967080,272.53,272.8,272.43,272.8,28466
1776967140,272.79,273,272.74,272.99,37455
1776967200,273,273.12,272.92,272.94,41937
1776967260,272.9001,273.6,272.9001,273.26,81024
1776967320,273.27,273.43,273.1841,273.26,39472
1776967380,273.28,273.37,273.1045,273.21,38298
1776967440,273.21,273.3,273.18,273.27,53417
1776967500,273.26,273.3,273.115,273.245,28880
1776967560,273.23,273.43,273.22,273.33,31656
1776967620,273.35,273.35,273.25,273.27,20120
1776967680,273.28,273.32,273.19,273.21,49569
1776967740,273.2,273.26,273.12,273.155,42788
1776967800,273.17,273.58,273.17,273.48,55433
1776967860,273.43,273.54,273.24,273.295,30300
1776967920,273.31,273.36,273.11,273.19,18899
1776967980,273.175,273.28,273.155,273.24,20364
1776968040,273.26,273.35,273.26,273.265,15386
1776968100,273.29,273.35,273.22,273.286,16790
1776968160,273.27,273.39,273.27,273.385,20299
1776968220,273.385,273.41,273.21,273.22,31447
1776968280,273.2201,273.54,273.2,273.43,64738
1776968340,273.45,273.59,273.45,273.58,20622
1776968400,273.59,273.8,273.57,273.7,38797
1776968460,273.69,273.76,273.43,273.455,36278
1776968520,273.47,273.5499,273.465,273.505,19662
1776968580,273.51,273.6,273.475,273.575,26357
1776968640,273.5876,273.62,273.465,273.515,17339
1776968700,273.5,273.575,273.5,273.565,17968
1776968760,273.57,273.63,273.516,273.6,31846
1776968820,273.605,273.66,273.58,273.58,16251
1776968880,273.57,273.68,273.5,273.66,19579
1776968940,273.64,273.7,273.62,273.67,22886
1776969000,273.66,273.82,273.6513,273.735,18081
1776969060,273.74,273.9,273.72,273.83,28256
1776969120,273.82,273.82,273.74,273.79,21200
1776969180,273.79,273.84,273.75,273.76,16284
1776969240,273.77,273.825,273.75,273.8,16150
1776969300,273.79,273.97,273.79,273.95,26650
1776969360,273.95,274.07,273.95,274.0201,48331
1776969420,274.0201,274.12,274,274.1178,25609
1776969480,274.1,274.1,273.95,273.95,83190
1776969540,273.95,273.98,273.89,273.93,22104
1776969600,273.935,274.0599,273.92,273.955,26868
1776969660,273.94,273.99,273.83,273.87,21454
1776969720,273.87,273.88,273.62,273.65,30226
1776969780,273.6401,273.72,273.53,273.665,15549
1776969840,273.68,273.89,273.68,273.86,26877
1776969900,273.87,273.88,273.76,273.83,15378
1776969960,273.8002,273.83,273.75,273.76,28767
1776970020,273.78,273.89,273.765,273.83,15512
1776970080,273.83,274.12,273.78,274.095,95707
1776970140,274.095,274.11,273.91,273.95,48589
1776970200,273.955,274.05,273.92,274.04,13594
1776970260,274.04,274.0505,273.98,274.05,19457
1776970320,274.05,274.15,274.025,274.13,28583
1776970380,274.14,274.1669,274.07,274.09,24599
1776970440,274.11,274.11,273.935,274.085,28267
1776970500,274.07,274.23,274.04,274.18,101573
1776970560,274.16,274.225,274.05,274.1551,48409
1776970620,274.145,274.145,274.03,274.04,16935
1776970680,274.05,274.06,273.94,274.06,23742
1776970740,274.0694,274.075,273.68,273.915,88235
1776970800,273.905,274.0704,273.85,274.025,76351
1776970860,274.02,274.08,273.88,274.06,20869
1776970920,274.06,274.06,273.86,273.97,21955
1776970980,273.98,274,273.93,273.94,13325
1776971040,273.93,273.955,273.885,273.945,22473
1776971100,273.96,274.14,273.96,274.14,25710
1776971160,274.15,274.28,274.12,274.245,31625
1776971220,274.2588,274.39,274.25,274.335,34643
1776971280,274.32,274.39,274.28,274.32,30139
1776971340,274.32,274.38,274.295,274.295,26342
1776971400,274.29,274.373,274.29,274.355,38344
1776971460,274.35,274.49,274.325,274.42,50232
1776971520,274.415,274.535,274.3507,274.51,41279
1776971580,274.54,274.55,274.34,274.38,29024
1776971640,274.38,274.49,274.38,274.475,26645
1776971700,274.48,274.5399,274.31,274.32,43131
1776971760,274.31,274.47,274.31,274.38,45112
1776971820,274.385,274.4,274.26,274.28,20560
1776971880,274.26,274.365,274.22,274.33,26430
1776971940,274.34,274.42,274.33,274.39,26600
1776972000,274.39,274.44,274.34,274.4201,32627
1776972060,274.4301,274.46,274.27,274.3,38009
1776972120,274.29,274.34,274.27,274.31,26477
1776972180,274.295,274.3,274.142,274.18,38839
1776972240,274.17,274.1898,274.12,274.155,26906
1776972300,274.16,274.24,274.15,274.23,26845
1776972360,274.24,274.28,274.2172,274.235,25565
1776972420,274.24,274.24,274.12,274.135,35492
1776972480,274.15,274.3,274.14,274.24,28248
1776972540,274.24,274.255,274.1507,274.17,31245
1776972600,274.15,274.17,274.09,274.145,19911
1776972660,274.15,274.23,274.11,274.195,22947
1776972720,274.1986,274.26,274.12,274.14,19671
1776972780,274.14,274.185,274.03,274.1,22748
1776972840,274.1,274.1,273.83,273.845,29235
1776972900,273.82,273.82,273.61,273.735,42553
1776972960,273.75,273.76,273.55,273.63,38775
1776973020,273.63,273.64,273.5,273.58,68218
1776973080,273.58,273.67,273.48,273.62,36971
1776973140,273.63,273.7,273.55,273.56,22407
1776973200,273.5697,273.78,273.56,273.78,29710
1776973260,273.765,273.8799,273.76,273.83,18906
1776973320,273.82,273.8599,273.73,273.8599,23262
1776973380,273.86,273.86,273.66,273.7,22216
1776973440,273.71,273.73,273.63,273.65,19591
1776973500,273.65,273.86,273.63,273.76,28524
1776973560,273.76,273.8,273.72,273.72,23054
1776973620,273.72,273.72,273.64,273.65,24973
1776973680,273.66,273.77,273.63,273.73,22543
1776973740,273.73,273.855,273.73,273.8,36490
1776973800,273.78,273.78,273.06,273.545,123113
1776973860,273.53,273.595,273.39,273.44,60260
1776973920,273.435,273.46,273.22,273.44,68581
1776973980,273.45,273.525,273.23,273.28,69320
1776974040,273.27,273.5,273.15,273.485,74599
1776974100,273.47,273.47,273.3,273.3901,128796
1776974160,273.4,273.46,273.3499,273.435,104639
1776974220,273.435,273.46,273.27,273.42,119132
1776974280,273.4207,273.615,273.365,273.56,171405
1776974340,273.54,273.665,273.4,273.44,443796
1777037400,272.79,273.06,271.55,272.009,784303
1777037460,271.955,271.955,270.35,270.425,179470
1777037520,270.44,270.93,270.35,270.5,117221
1777037580,270.54,270.75,270.27,270.29,131545
1777037640,270.29,270.47,270.09,270.44,106701
1777037700,270.42,270.7686,270.4,270.71,88684
1777037760,270.69,270.86,270.57,270.85,97338
1777037820,270.8387,271.37,270.8075,271.37,88346
1777037880,271.39,271.54,271.22,271.3599,86394
1777037940,271.34,271.415,271.15,271.18,95789
1777038000,271.18,271.4,270.91,270.94,72568
1777038060,270.945,271.8,270.935,271.7801,122087
1777038120,271.79,271.79,271.1301,271.1301,101797
1777038180,271.1517,271.1517,270.79,270.9,129089
1777038240,270.92,271.305,270.92,271.2975,42698
1777038300,271.32,271.4,271.09,271.12,63816
1777038360,271.12,271.55,271.08,271.5101,55953
1777038420,271.51,271.61,271.3901,271.47,58760
1777038480,271.51,271.56,271.32,271.375,69860
1777038540,271.4,271.75,271.39,271.72,71168
1777038600,271.72,271.96,271.66,271.92,59062
1777038660,271.91,271.94,271.71,271.73,69750
1777038720,271.71,271.9,271.58,271.825,53548
1777038780,271.81,272.04,271.78,271.99,60717
1777038840,271.98,272.07,271.875,271.9678,49914
1777038900,271.96,271.96,271.7,271.8,47991
1777038960,271.805,271.85,271.49,271.515,63687
1777039020,271.52,271.83,271.52,271.705,66019
1777039080,271.68,271.79,271.44,271.45,55831
1777039140,271.44,271.7,271.31,271.67,52489
1777039200,271.64,271.69,271.485,271.515,29678
1777039260,271.515,271.58,271.222,271.5555,58094
1777039320,271.565,271.565,271.16,271.2,50380
1777039380,271.2,271.54,271.19,271.34,49963
1777039440,271.3101,271.69,271.26,271.66,37121
1777039500,271.64,271.8,271.64,271.69,69664
1777039560,271.66,271.73,271.53,271.595,42125
1777039620,271.58,271.63,271.08,271.12,56875
1777039680,271.13,271.21,270.91,270.91,74844
1777039740,270.91,271.2899,270.91,271.18,34640
1777039800,271.15,271.406,271.045,271.215,25184
1777039860,271.23,271.44,271.16,271.41,33468
1777039920,271.42,271.47,271.3,271.42,43344
1777039980,271.44,271.54,271.39,271.47,32048
1777040040,271.45,271.63,271.43,271.55,61774
1777040100,271.54,271.72,271.4902,271.7,30237
1777040160,271.69,271.7,271.55,271.59,52349
1777040220,271.605,272.005,271.575,271.9892,61094
1777040280,271.97,272.069,271.8715,271.95,43901
1777040340,271.905,272.27,271.905,272.27,40828
1777040400,272.265,272.33,272.0801,272.25,69141
1777040460,272.25,272.32,272.13,272.2337,54799
1777040520,272.235,272.27,272.0424,272.06,50157
1777040580,272.075,272.25,271.97,272.2,57110
1777040640,272.17,272.4,272.17,272.29,34725
1777040700,272.275,272.39,272.185,272.2725,39244
1777040760,272.28,272.3,272.06,272.145,32810
1777040820,272.145,272.29,272.08,272.205,61812
1777040880,272.19,272.22,272.055,272.12,55083
1777040940,272.11,272.2199,271.99,272.07,50496
1777041000,272.115,272.28,272.09,272.115,33234
1777041060,272.11,272.225,272.09,272.19,17122
1777041120,272.18,272.37,272.17,272.2,51938
1777041180,272.214,272.3,272.15,272.165,27906
1777041240,272.19,272.28,272.155,272.225,23149
1777041300,272.23,272.23,272.05,272.08,23046
1777041360,272.085,272.175,272.0188,272.11,17991
1777041420,272.11,272.2625,272,272.175,32107
1777041480,272.15,272.6,272.15,272.45,61029
1777041540,272.45,272.5,272.25,272.25,19386
1777041600,272.25,272.33,272.15,272.165,30928
1777041660,272.15,272.25,272.05,272.08,18279
1777041720,272.1,272.16,272.01,272.135,38544
1777041780,272.12,272.23,272.12,272.23,22541
1777041840,272.21,272.24,271.86,271.88,34894
1777041900,271.9,271.91,271.61,271.625,40444
1777041960,271.63,271.97,271.62,271.91,44229
1777042020,271.91,272.1088,271.9,271.9599,22646
1777042080,271.94,272.12,271.94,272.035,21913
1777042140,272.03,272.03,271.88,272.01,19343
1777042200,272.01,272.11,271.97,272.02,20487
1777042260,272.0301,272.13,271.9301,271.99,24071
1777042320,271.96,272.03,271.91,271.925,17750
1777042380,271.925,271.94,271.81,271.825,29258
1777042440,271.8275,271.87,271.73,271.86,22358
1777042500,271.845,271.9,271.66,271.69,44019
1777042560,271.67,271.73,271.6,271.6,18956
1777042620,271.6,271.68,271.5501,271.58,26434
1777042680,271.59,271.59,271.3501,271.39,39777
1777042740,271.38,271.49,271.28,271.455,36997
1777042800,271.47,271.63,271.4001,271.44,31777
1777042860,271.42,271.48,271.306,271.39,15696
1777042920,271.38,271.495,271.329,271.385,29472
1777042980,271.365,271.365,271.195,271.205,26284
1777043040,271.22,271.3585,271.1,271.12,41504
1777043100,271.09,271.24,271.085,271.22,22994
1777043160,271.21,271.23,271.11,271.11,27073
1777043220,271.1,271.16,270.95,271.06,44927
1777043280,271.055,271.055,270.93,271.03,20966
1777043340,271.035,271.07,270.7,270.74,58522
1777043400,270.73,271.08,270.686,271.02,59292
1777043460,271.01,271.125,270.9801,271.06,41373
1777043520,271.05,271.16,270.98,271.05,29501
1777043580,271.0475,271.13,271.01,271.02,27138
1777043640,271.015,271.08,270.9201,271.03,26749
1777043700,271.05,271.17,271.04,271.09,41181
1777043760,271.08,271.15,271.03,271.085,51653
1777043820,271.07,271.08,270.93,271,34611
1777043880,271.02,271.1,270.95,271.085,28143
1777043940,271.07,271.1,270.93,270.98,33479
1777044000,270.98,271.09,270.9563,271.08,23230
1777044060,271.06,271.09,271,271,17739
1777044120,271.02,271.19,271.02,271.19,38832
1777044180,271.2,271.2299,271.13,271.16,32865
1777044240,271.16,271.19,270.93,270.93,34985
1777044300,270.91,271.015,270.84,270.96,27427
1777044360,270.97,270.97,270.84,270.88,40268
1777044420,270.9,270.91,270.68,270.7101,36752
1777044480,270.72,270.79,270.6675,270.7,38061
1777044540,270.73,270.73,270.5701,270.68,46607
1777044600,270.69,270.69,270.55,270.665,47347
1777044660,270.67,270.69,270.52,270.535,27932
1777044720,270.535,270.5879,270.46,270.49,44019
1777044780,270.49,270.49,270.4,270.42,29885
1777044840,270.42,270.535,270.4,270.47,35581
1777044900,270.46,270.46,270.32,270.32,45025
1777044960,270.32,270.35,270.1,270.12,56816
1777045020,270.12,270.24,270.12,270.16,41759
1777045080,270.1601,270.17,270.05,270.11,29946
1777045140,270.11,270.18,269.9024,269.96,116151
1777045200,269.9503,270.04,269.89,269.98,57232
1777045260,269.96,270.15,269.8,270.14,93938
1777045320,270.1244,270.285,270.1,270.235,64229
1777045380,270.2301,270.2775,269.96,269.97,78141
1777045440,269.9701,270.63,269.885,270.43,134011
1777045500,270.45,270.7,270,270.05,106761
1777045560,270.02,270.24,269.92,270.15,43456
1777045620,270.13,270.389,270.13,270.26,33656
1777045680,270.275,270.4,270.22,270.24,49116
1777045740,270.22,270.52,270.21,270.51,93757
1777045800,270.53,270.76,270.43,270.7275,94729
1777045860,270.72,270.8,270.54,270.575,58967
1777045920,270.55,270.75,270.425,270.71,56024
1777045980,270.6901,270.86,270.69,270.855,38127
1777046040,270.85,271.1399,270.83,270.975,47835
1777046100,270.955,271.06,270.69,270.69,45790
1777046160,270.65,270.885,270.64,270.87,59547
1777046220,270.87,271.06,270.83,271.029,43656
1777046280,271.045,271.18,271.01,271.1201,35417
1777046340,271.12,271.12,270.98,271.0321,22285
1777046400,271.03,271.15,270.92,271.14,19366
1777046460,271.115,271.12,270.98,270.99,21934
1777046520,270.99,271.05,270.935,270.965,17087
1777046580,270.95,270.96,270.73,270.84,35725
1777046640,270.83,270.89,270.76,270.88,16176
1777046700,270.89,271.01,270.8646,270.95,20845
1777046760,270.9585,271.14,270.955,271.01,33960
1777046820,271.015,271.015,270.88,270.89,16554
1777046880,270.8901,271.06,270.87,271.015,28929
1777046940,271.005,271.12,270.965,271.12,25382
1777047000,271.12,271.3,271.1,271.3,63176
1777047060,271.3002,271.54,271.285,271.53,40938
1777047120,271.54,271.66,271.5305,271.59,37406
1777047180,271.58,271.69,271.57,271.68,31981
1777047240,271.675,271.675,271.53,271.6,41471
1777047300,271.58,271.6,271.42,271.46,25356
1777047360,271.47,271.55,271.4496,271.5,16862
1777047420,271.5,271.5199,271.36,271.445,20970
1777047480,271.445,271.45,271.23,271.305,46467
1777047540,271.3199,271.3199,271.13,271.21,54101
1777047600,271.2,271.22,271.12,271.13,20328
1777047660,271.1301,271.22,271.1301,271.16,14731
1777047720,271.15,271.2099,271.11,271.19,23202
1777047780,271.19,271.26,271.19,271.22,14392
1777047840,271.22,271.22,271.02,271.02,24375
1777047900,271.04,271.13,270.98,271,16660
1777047960,271,271.0851,270.99,271.0851,18478
1777048020,271.07,271.14,271,271.055,18184
1777048080,271.05,271.12,271.01,271.1,11550
1777048140,271.115,271.115,270.9801,271,25858
1777048200,271,271.09,271,271.03,20903
1777048260,271.02,271.152049,271.02,271.06,17928
1777048320,271.05,271.145,271.01,271.105,22788
1777048380,271.105,271.1199,270.9101,270.9499,22687
1777048440,270.95,271.02,270.8701,270.92,25445
1777048500,270.9,270.93,270.65,270.66,27077
1777048560,270.66,270.81,270.66,270.695,28353
1777048620,270.6801,270.6908,270.515,270.55,41035
1777048680,270.54,270.68,270.5,270.59,25944
1777048740,270.57,270.61,270.49,270.54,19983
1777048800,270.55,270.55,270.425,270.48,16427
1777048860,270.48,270.57,270.4675,270.53,29273
1777048920,270.54,270.54,270.41,270.445,18281
1777048980,270.43,270.44,270.35,270.365,14324
1777049040,270.37,270.48,270.36,270.415,23770
1777049100,270.4,270.46,270.3,270.33,35140
1777049160,270.345,270.345,270.215,270.26,32500
1777049220,270.26,270.26,270.061,270.075,28442
1777049280,270.08,270.22,270.08,270.14,29592
1777049340,270.14,270.315,270.0901,270.31,26235
1777049400,270.29,270.33,270.23,270.28,26833
1777049460,270.28,270.49,270.24,270.48,42227
1777049520,270.47,270.53,270.39,270.495,52215
1777049580,270.495,270.5,270.44,270.49,14769
1777049640,270.49,270.57,270.49,270.53,28314
1777049700,270.5201,270.5798,270.5,270.5,20146
1777049760,270.5,270.56,270.49,270.5,17653
1777049820,270.505,270.53,270.415,270.46,29689
1777049880,270.455,270.58,270.44,270.44,24081
1777049940,270.44,270.48,270.41,270.475,12215
1777050000,270.4701,270.6,270.4701,270.545,15257
1777050060,270.545,270.56,270.45,270.48,17533
1777050120,270.48,270.55,270.43,270.46,32872
1777050180,270.4501,270.46,270.31,270.34,32245
1777050240,270.32,270.335,270.22,270.265,26296
1777050300,270.26,270.275,270.14,270.155,62976
1777050360,270.15,270.2,270.12,270.18,28722
1777050420,270.1701,270.2,269.965,270.065,67311
1777050480,270.05,270.07,269.84,269.865,67251
1777050540,269.875,269.95,269.78,269.78,56641
1777050600,269.785,269.95,269.78,269.94,23099
1777050660,269.97,269.98,269.87,269.885,37518
1777050720,269.8999,269.935,269.87,269.885,23516
1777050780,269.88,269.91,269.78,269.865,33939
1777050840,269.865,269.97,269.86,269.955,25122
1777050900,269.95,270.08,269.91,269.96,47108
1777050960,269.955,269.99,269.87,269.88,45783
1777051020,269.87,269.9,269.81,269.85,33006
1777051080,269.85,269.855,269.739,269.775,58007
1777051140,269.79,269.81,269.73,269.8093,39837
1777051200,269.79,269.81,269.65,269.7131,46682
1777051260,269.705,269.85,269.705,269.85,26388
1777051320,269.845,269.95,269.845,269.89,26042
1777051380,269.88,270.05,269.86,269.945,51905
1777051440,269.945,270.07,269.94,269.98,29348
1777051500,269.99,270.02,269.8003,269.86,50386
1777051560,269.84,270.01,269.825,269.9,31628
1777051620,269.89,270,269.89,269.91,66240
1777051680,269.92,270.23,269.92,270.13,65413
1777051740,270.12,270.25,270.06,270.06,27703
1777051800,270.055,270.08,269.92,269.97,41228
1777051860,269.95,270.05,269.87,270.02,27715
1777051920,270.015,270.0599,269.99,270,17185
1777051980,270.015,270.14,269.9601,270.1,40823
1777052040,270.12,270.1399,270.05,270.105,16676
1777052100,270.09,270.12,269.86,269.91,71681
1777052160,269.9,270.005,269.85,269.985,34932
1777052220,269.99,270.17,269.97,270.155,30112
1777052280,270.16,270.16,270.02,270.105,31773
1777052340,270.1,270.155,270.06,270.14,14163
1777052400,270.16,270.17,270.0345,270.04,19704
1777052460,270.032,270.1399,270.01,270.13,33027
1777052520,270.13,270.135,270.035,270.07,29073
1777052580,270.0895,270.1,270,270.05,35210
1777052640,270.04,270.08,269.965,270.03,20108
1777052700,270.03,270.06,270,270,18585
1777052760,270.005,270.055,269.985,270.01,27500
1777052820,270.02,270.08,269.99,270.06,26647
1777052880,270.0799,270.11,270.03,270.03,13970
1777052940,270.0151,270.115,269.965,269.97,17079
1777053000,269.975,270.05,269.965,270,12493
1777053060,270,270.065,269.97,270.06,15071
1777053120,270.06,270.18,270.04,270.1799,24567
1777053180,270.1799,270.19,270.02,270.02,45770
1777053240,270.01,270.31,269.905,269.9401,122915
1777053300,269.94,269.96,269.8,269.86,66536
1777053360,269.86,269.97,269.8,269.925,37759
1777053420,269.92,269.95,269.83,269.865,31247
1777053480,269.87,269.97,269.866,269.89,38204
1777053540,269.89,269.89,269.76,269.8055,36186
1777053600,269.803,269.875,269.71,269.72,43458
1777053660,269.73,269.985,269.73,269.8722,45000
1777053720,269.89,269.91,269.8,269.84,32797
1777053780,269.84,269.97,269.82,269.86,28420
1777053840,269.86,269.95,269.83,269.94,39730
1777053900,269.93,270.04,269.81,269.84,40604
1777053960,269.835,270.04,269.835,269.905,99214
1777054020,269.92,270.05,269.915,269.95,19910
1777054080,269.96,270.08,269.895,269.975,22655
1777054140,269.985,269.985,269.87,269.91,74848
1777054200,269.915,270.03,269.91,269.97,17216
1777054260,269.965,270.07,269.96,270.02,67012
1777054320,270.04,270.1,270,270.055,40459
1777054380,270.055,270.165,270.05,270.07,53432
1777054440,270.06,270.17,270.035,270.17,24161
1777054500,270.17,270.22,270.12,270.13,24965
1777054560,270.15,270.19,270.03,270.12,40073
1777054620,270.125,270.14,270.03,270.04,17454
1777054680,270.03,270.08,270.02,270.06,16465
1777054740,270.06,270.1199,270.0466,270.08,14846
1777054800,270.0701,270.08,269.985,270.035,27075
1777054860,270.04,270.1099,270.022,270.04,28978
1777054920,270.04,270.09,270.01,270.015,14061
1777054980,270,270.1,270,270.1,18894
1777055040,270.095,270.1,270.005,270.03,10744
1777055100,270.01,270.05,269.955,270.03,16508
1777055160,270.02,270.035,269.96,269.99,17243
1777055220,270.01,270.0201,269.9,269.94,25613
1777055280,269.95,269.96,269.9,269.92,27055
1777055340,269.92,269.97,269.92,269.96,22444
1777055400,269.97,270.06,269.95,269.975,32735
1777055460,269.96,269.9698,269.86,269.89,32804
1777055520,269.906,270.01,269.86,269.95,24019
1777055580,269.95,270,269.93,269.99,15322
1777055640,269.98,270.04,269.945,269.945,19197
1777055700,269.94,270,269.94,269.95,21808
1777055760,269.94,270.03,269.91,270.02,19802
1777055820,270.01,270.075,269.985,270,37542
1777055880,270.01,270.23,270.01,270.22,37358
1777055940,270.21,270.24,270.17,270.22,29753
1777056000,270.21,270.32,270.205,270.32,37064
1777056060,270.315,270.38,270.295,270.36,37024
1777056120,270.36,270.37,270.235,270.26,42127
1777056180,270.27,270.3392,270.21,270.3392,20435
1777056240,270.345,270.35,270.275,270.33,21222
1777056300,270.32,270.32,270.18,270.18,31706
1777056360,270.18,270.21,270.13,270.135,24823
1777056420,270.133,270.1999,270.12,270.14,22697
1777056480,270.135,270.15,270.0401,270.085,19344
1777056540,270.08,270.12,269.99,269.9998,34076
1777056600,270,270.104,270,270.07,16486
1777056660,270.065,270.11,270.05,270.05,21141
1777056720,270.07,270.13,270.05,270.05,15494
1777056780,270.055,270.12,270,270.04,28233
1777056840,270.045,270.045,269.97,270,20071
1777056900,270.02,270.14,270.015,270.1398,27353
1777056960,270.13,270.24,270.08,270.16,33733
1777057020,270.175,270.2099,270.16,270.17,19828
1777057080,270.16,270.2,270.142,270.16,21450
1777057140,270.165,270.17,270.07,270.11,29378
1777057200,270.12,270.205,270.1,270.14,26298
1777057260,270.13,270.159,270.1,270.1,15617
1777057320,270.11,270.1191,270,270.01,46989
1777057380,270.02,270.05,269.9,269.94,40266
1777057440,269.94,270.12,269.94,270.095,23838
1777057500,270.08,270.11,270.04,270.065,15115
1777057560,270.065,270.185,270.04,270.185,32440
1777057620,270.2,270.2962,270.18,270.28,75409
1777057680,270.29,270.32,270.15,270.21,46897
1777057740,270.205,270.39,270.205,270.24,128304
1777057800,270.25,270.31,270.21,270.255,19640
1777057860,270.27,270.31,270.23,270.28,17736
1777057920,270.28,270.33,270.245,270.31,22368
1777057980,270.3,270.305,270.1901,270.21,33024
1777058040,270.205,270.26,270.18,270.21,31197
1777058100,270.21,270.31,270.21,270.29,36047
1777058160,270.285,270.2999,270.2202,270.245,22798
1777058220,270.25,270.28,270.23,270.24,26057
1777058280,270.2301,270.2597,270.21,270.25,20753
1777058340,270.243,270.2698,270.14,270.21,25651
1777058400,270.1901,270.24,270.12,270.16,30169
1777058460,270.14,270.14,270.03,270.11,34245
1777058520,270.1,270.12,270.03,270.0301,31469
1777058580,270.04,270.07,270.005,270.04,20263
1777058640,270.035,270.0599,269.98,270.0599,35385
1777058700,270.04,270.0507,269.95,269.96,28524
1777058760,269.975,270.05,269.92,270.04,34213
1777058820,270.04,270.04,269.9501,270.025,28941
1777058880,270.025,270.07,269.9686,270.07,37955
1777058940,270.07,270.16,270.03,270.09,38893
1777059000,270.1,270.1999,270.035,270.1302,53628
1777059060,270.115,270.17,270.06,270.14,31707
1777059120,270.15,270.17,270,270.05,34946
1777059180,270.06,270.12,270.02,270.03,49298
1777059240,270.035,270.139,270.035,270.1075,19865
1777059300,270.11,270.13,270.02,270.1,27673
1777059360,270.09,270.18,270.09,270.17,33223
1777059420,270.17,270.27,270.17,270.26,36505
1777059480,270.2597,270.33,270.255,270.29,40785
1777059540,270.295,270.37,270.11,270.18,110527
1777059600,270.184,270.3,270.16,270.28,32840
1777059660,270.28,270.501,270.27,270.48,103966
1777059720,270.476148,270.5,270.315,270.41,58915
1777059780,270.4,270.46,270.375,270.44,25092
1777059840,270.455,270.53,270.455,270.5,26000
1777059900,270.5,270.65,270.47,270.61,69180
1777059960,270.6,270.61,270.48,270.495,46740
1777060020,270.5,270.66,270.5,270.62,60851
1777060080,270.62,270.72,270.58,270.665,52578
1777060140,270.6599,270.8,270.63,270.8,55259
1777060200,270.8,271.12,270.8,270.965,111641
1777060260,270.96,271.07,270.93,271,72101
1777060320,270.98,270.99,270.83,270.87,105326
1777060380,270.87,271.22,270.83,271.14,146113
1777060440,271.13,271.3,270.99,271.185,97958
1777060500,271.17,271.48,271.02,271.18,214503
1777060560,271.185,271.34,271.18,271.31,189338
1777060620,271.31,271.34,271.185,271.24,255330
1777060680,271.23,271.26,271.08,271.1099,342334
1777060740,271.11,271.15,270.89,271.06,1038426
1777296600,266.09,266.8499,265.07,266.53,1646105
1777296660,266.53,267.7599,266.49,267.58,370027
1777296720,267.57,267.88,267.11,267.19,216496
1777296780,267.2,267.2,266.45,266.45,116996
1777296840,266.475,266.51,265.7,266.15,122398
1777296900,266.18,267.05,266.11,266.785,297892
1777296960,266.76,267.04,266.5795,267.03,97434
1777297020,267.03,267.185,266.465,266.525,179337
1777297080,266.5351,266.64,266.12,266.2,140294
1777297140,266.19,267.25,266.102,267.1999,165340
1777297200,267.17,267.44,267.03,267.265,163707
1777297260,267.26,267.74,267.21,267.67,133769
1777297320,267.69,267.69,267.31,267.62,81262
1777297380,267.59,267.6,267.325,267.4101,86014
1777297440,267.43,267.74,267.255,267.485,91279
1777297500,267.49,267.8,267.31,267.77,115325
1777297560,267.75,268.13,267.74,267.86,151919
1777297620,267.83,267.9193,267.53,267.625,90634
1777297680,267.66,268.11,267.6,267.92,77141
1777297740,267.94,268.09,267.87,267.97,98148
1777297800,267.9799,268.24,267.88,267.9,130637
1777297860,267.85,267.92,267.52,267.92,103935
1777297920,267.905,267.98,267.57,267.71,57583
1777297980,267.71,267.8699,267.6,267.63,53260
1777298040,267.65,267.98,267.42,267.92,90459
1777298100,267.92,267.92,267.63,267.81,61128
1777298160,267.8351,268.105,267.7,268.0625,85235
1777298220,268.1,268.248,268.05,268.145,58057
1777298280,268.14,268.36,268.14,268.26,64474
1777298340,268.29,268.36,268.06,268.13,66451
1777298400,268.13,268.2,268.01,268.126,63979
1777298460,268.12,268.1758,267.79,267.94,108260
1777298520,267.94,268.16,267.84,267.9,65433
1777298580,267.94,268.01,267.841,267.9067,27672
1777298640,267.91,267.91,267.245,267.2581,80844
1777298700,267.26,267.47,267.24,267.33,45127
1777298760,267.34,267.53,267.34,267.3899,41648
1777298820,267.38,267.5199,267.2,267.23,39992
1777298880,267.23,267.27,267.1201,267.13,53354
1777298940,267.15,267.51,267.11,267.49,49759
1777299000,267.485,267.79,267.48,267.785,62966
1777299060,267.77,268,267.67,267.7,51728
1777299120,267.7099,267.71,267.2726,267.43,46399
1777299180,267.48,267.53,267.22,267.23,35362
1777299240,267.24,267.39,267.13,267.39,56298
1777299300,267.385,267.54,267.36,267.4,28726
1777299360,267.425,267.52,267.315,267.52,40895
1777299420,267.53,267.7399,267.495,267.6698,42434
1777299480,267.67,267.7,267.55,267.61,40897
1777299540,267.635,267.68,267.5,267.675,40730
1777299600,267.64,267.6491,267.43,267.4799,78788
1777299660,267.475,267.55,267.38,267.4001,69532
1777299720,267.41,267.595,267.39,267.57,41311
1777299780,267.5899,267.5899,267.29,267.44,41003
1777299840,267.46,267.54,267.3469,267.43,32407
1777299900,267.43,267.47,267.28,267.34,32732
1777299960,267.33,267.405,267.28,267.3021,36376
1777300020,267.27,267.35,267.21,267.315,26977
1777300080,267.31,267.39,267.21,267.2259,20075
1777300140,267.235,267.375,267.18,267.36,34276
1777300200,267.39,267.51,267.38,267.5,33870
1777300260,267.49,267.68,267.49,267.63,58196
1777300320,267.62,267.77,267.595,267.7,49011
1777300380,267.7,267.72,267.495,267.615,39083
1777300440,267.61,267.8,267.53,267.56,26455
1777300500,267.5,267.7,267.14,267.5,96195
1777300560,267.48,267.62,267.35,267.395,70083
1777300620,267.385,267.41,267.23,267.33,23788
1777300680,267.33,267.355,267.1533,267.3301,29839
1777300740,267.32,267.42,267.24,267.37,37517
1777300800,267.38,267.44,267.2,267.2207,47440
1777300860,267.23,267.29,267.15,267.25,33046
1777300920,267.22,267.2544,267.05,267.13,53896
1777300980,267.1499,267.18,267.08,267.11,24611
1777301040,267.15,267.23,267.12,267.185,22858
1777301100,267.185,267.26,267.138311,267.151,30344
1777301160,267.17,267.31,267.165,267.295,39243
1777301220,267.295,267.295,267.15,267.2,17733
1777301280,267.175,267.22,267.12,267.13,23403
1777301340,267.13,267.13,267,267.085,69819
1777301400,267.08,267.135,266.9,266.9,74974
1777301460,266.9,266.9122,266.7393,266.7393,46496
1777301520,266.73,266.9599,266.72,266.86,41962
1777301580,266.87,266.87,266.7301,266.8,27431
1777301640,266.805,266.825,266.67,266.79,55610
1777301700,266.8,266.88,266.78,266.83,21368
1777301760,266.805,266.9399,266.805,266.85,24332
1777301820,266.84,266.89,266.78,266.87,25791
1777301880,266.88,267.09,266.84,267.0604,32835
1777301940,267.06,267.195,267.02,267.16,23123
1777302000,267.18,267.34,267.18,267.31,38173
1777302060,267.3199,267.3199,267.13,267.1353,23964
1777302120,267.14,267.14,267,267.06,33887
1777302180,267.07,267.25,267.06,267.25,27120
1777302240,267.26,267.29,267.2045,267.215,30702
1777302300,267.215,267.48,267.205,267.44,56094
1777302360,267.43,267.51,267.39,267.45,39777
1777302420,267.45,267.5556,267.34,267.495,37803
1777302480,267.51,267.55,267.26,267.2899,22258
1777302540,267.28,267.29,267.02,267.08,53750
1777302600,267.07,267.0934,266.89,266.91,35082
1777302660,266.9,266.924,266.76,266.8,41588
1777302720,266.815,266.93,266.75,266.915,32179
1777302780,266.9,266.91,266.77,266.86,24203
1777302840,266.85,266.9,266.78,266.89,29176
1777302900,266.89,267.02,266.88,266.96,27772
1777302960,266.96,267.07,266.89,266.92,37976
1777303020,266.93,266.93,266.81,266.8513,33664
1777303080,266.86,266.88,266.6622,266.71,49337
1777303140,266.705,266.8,266.62,266.79,30719
1777303200,266.78,266.86,266.74,266.8184,27270
1777303260,266.82,266.89,266.8,266.86,16011
1777303320,266.87,266.87,266.76,266.8,27554
1777303380,266.8,266.945,266.79,266.91,30970
1777303440,266.94,267.01,266.86,266.995,22367
1777303500,267.01,267.04,266.95,267.02,21737
1777303560,267,267.02,266.9,266.965,23705
1777303620,266.97,267.0988,266.97,267.06,33675
1777303680,267.08,267.2,267.07,267.17,39328
1777303740,267.16,267.195,267.1,267.11,14478
1777303800,267.14,267.25,267.11,267.11,40586
1777303860,267.12,267.165,266.96,266.99,44762
1777303920,266.99,266.995,266.9,266.93,34549
1777303980,266.93,266.99,266.855,266.88,20709
1777304040,266.89,267.03,266.885,267,19151
1777304100,267.01,267.16,266.9801,267.067,20767
1777304160,267.055,267.16,267.055,267.12,15679
1777304220,267.12,267.28,267.08,267.25,39856
1777304280,267.25,267.28,267.23,267.24,8978
1777304340,267.23,267.35,267.21,267.26,56236
1777304400,267.26,267.35,267.21,267.35,20269
1777304460,267.36,267.45,267.35,267.43,19615
1777304520,267.43,267.52,267.39,267.475,44812
1777304580,267.47,267.57,267.47,267.545,24824
1777304640,267.55,267.64,267.499,267.64,39814
1777304700,267.64,267.64,267.4,267.41,69259
1777304760,267.4,267.43,267.2772,267.3385,32950
1777304820,267.34,267.35,267.14,267.15,33753
1777304880,267.15,267.15,267.07,267.1,28872
1777304940,267.09,267.1,267.0006,267.04,24248
1777305000,267.04,267.04,266.92,266.9401,19772
1777305060,266.96,266.99,266.88,266.9445,31567
1777305120,266.95,267.0299,266.92,266.995,24641
1777305180,266.99,267.01,266.9,267.01,24416
1777305240,267.01,267.06,266.98,267.03,30412
1777305300,267.04,267.05,266.99,267.02,20601
1777305360,267.015,267.03,266.85,266.85,38986
1777305420,266.85,266.85,266.77,266.825,40924
1777305480,266.83,266.84,266.69,266.69,32930
1777305540,266.68,266.89,266.67,266.79,46118
1777305600,266.795,267.02,266.66,266.69,111533
1777305660,266.68,266.755,266.65,266.755,12381
1777305720,266.75,266.84,266.69,266.69,30008
1777305780,266.7,266.7892,266.7,266.7201,52932
1777305840,266.74,266.99,266.74,266.88,40678
1777305900,266.86,266.86,266.71,266.715,19727
1777305960,266.717,266.79,266.67,266.73,28468
1777306020,266.73,266.88,266.73,266.81,62430
1777306080,266.795,266.83,266.68,266.82,28673
1777306140,266.7901,266.89,266.7901,266.815,23807
1777306200,266.815,266.96,266.8,266.905,21798
1777306260,266.8901,266.95,266.8901,266.94,16073
1777306320,266.958,267.05,266.93,266.93,27760
1777306380,266.92,266.93,266.86,266.865,20626
1777306440,266.8501,266.93,266.83,266.845,12762
1777306500,266.84,266.86,266.75,266.78,24322
1777306560,266.77,266.77,266.71,266.71,23078
1777306620,266.72,266.77,266.665,266.685,25418
1777306680,266.68,266.7599,266.6701,266.6701,19191
1777306740,266.675,266.71,266.63,266.71,25117
1777306800,266.71,266.71,266.64,266.675,17031
1777306860,266.66,266.665,266.41,266.445,84372
1777306920,266.4401,266.51,266.44,266.4574,28113
1777306980,266.44,266.48,266.3926,266.475,31780
1777307040,266.48,266.48,266.37,266.39,35036
1777307100,266.39,266.48,266.38453,266.44,25648
1777307160,266.445,266.445,266.3301,266.335,22098
1777307220,266.338,266.3385,266.3,266.31,20634
1777307280,266.315,266.345,266.26,266.29,34248
1777307340,266.3,266.33,266.26,266.295,26602
1777307400,266.29,266.5,266.29,266.49,32937
1777307460,266.5,266.5,266.3901,266.41,18079
1777307520,266.42,266.51,266.42,266.4792,20214
1777307580,266.47,266.5,266.4,266.42,34551
1777307640,266.42,266.45,266.37,266.44,29748
1777307700,266.45,266.45,266.39,266.4099,16272
1777307760,266.395,266.49,266.3801,266.39,19771
1777307820,266.39,266.415,266.32,266.33,29124
1777307880,266.33,266.425,266.33,266.425,14290
1777307940,266.425,266.4792,266.37,266.4197,24519
1777308000,266.41,266.42,266.365,266.385,13321
1777308060,266.385,266.4499,266.38,266.43,17613
1777308120,266.44,266.64,266.44,266.6201,27321
1777308180,266.63,266.64,266.55,266.57,19836
1777308240,266.57,266.605,266.54,266.5851,15177
1777308300,266.59,266.67,266.5594,266.615,20766
1777308360,266.62,266.64,266.55,266.615,17644
1777308420,266.61,266.62,266.565,266.58,15936
1777308480,266.57,266.675,266.56,266.5999,34871
1777308540,266.58,266.58,266.475,266.52,40176
1777308600,266.515,266.53,266.43,266.475,50739
1777308660,266.47,266.55,266.46,266.51,33275
1777308720,266.515,266.56,266.49,266.53,36647
1777308780,266.53,266.54,266.445,266.505,21485
1777308840,266.505,266.535,266.4601,266.47,21990
1777308900,266.47,266.55,266.47,266.52,37219
1777308960,266.52,266.55,266.46,266.47,40027
1777309020,266.45,266.47,266.34,266.37,38878
1777309080,266.36,266.46,266.36,266.44,30944
1777309140,266.44,266.44,266.345,266.42,49397
1777309200,266.42,266.465,266.37,266.465,39445
1777309260,266.47,266.52,266.435,266.465,42949
1777309320,266.48,266.54,266.45,266.45,18895
1777309380,266.44,266.5,266.4101,266.5,26307
1777309440,266.495,266.65,266.485,266.55,51866
1777309500,266.55,266.6,266.46,266.595,16196
1777309560,266.595,266.605,266.53,266.605,32431
1777309620,266.6,266.665,266.585,266.6501,24049
1777309680,266.665,266.67,266.57,266.62,14433
1777309740,266.62,266.65,266.583103,266.6,14474
1777309800,266.59,266.6,266.51,266.52,27976
1777309860,266.52,266.59,266.51,266.51,18028
1777309920,266.505,266.54,266.44,266.455,36190
1777309980,266.455,266.49,266.44,266.465,27033
1777310040,266.47,266.4761,266.39,266.4496,27503
1777310100,266.43,266.47,266.42,266.43,12665
1777310160,266.436,266.63,266.4,266.537,46915
1777310220,266.53,266.62,266.48,266.615,25191
1777310280,266.61,266.68,266.6,266.61,24767
1777310340,266.6,266.79,266.59,266.74,50375
1777310400,266.735,266.88,266.725,266.85,55743
1777310460,266.85,266.94,266.85,266.92,34617
1777310520,266.92,266.99,266.85,266.89,43411
1777310580,266.895,267.05,266.81,266.85,63745
1777310640,266.8301,266.845,266.75,266.7899,39772
1777310700,266.77,266.8091,266.71,266.8,30114
1777310760,266.805,266.92,266.805,266.85,18006
1777310820,266.84,266.8796,266.815,266.86,19047
1777310880,266.86,266.86,266.76,266.8299,20357
1777310940,266.825,266.86,266.79,266.84,27870
1777311000,266.83,266.89,266.8,266.85,18755
1777311060,266.83,267.05,266.82,267.0216,26318
1777311120,267.03,267.03,266.93,266.94,42748
1777311180,266.9451,267.035,266.93,267.015,19541
1777311240,267.0299,267.05,266.95,266.97,27439
1777311300,266.96,266.96,266.86,266.945,27648
1777311360,266.93,266.99,266.83,266.85,28187
1777311420,266.8451,266.88,266.8,266.88,20201
1777311480,266.8722,266.92,266.77,266.78,19978
1777311540,266.78,266.89,266.75,266.89,25723
1777311600,266.89,266.95,266.83,266.9301,24225
1777311660,266.935,266.94,266.85,266.8899,37483
1777311720,266.875,266.915,266.86,266.895,12003
1777311780,266.88,266.9,266.85,266.88,13830
1777311840,266.88,266.8838,266.79,266.86,14905
1777311900,266.8599,266.8759,266.66,266.7001,42956
1777311960,266.7,266.71,266.55,266.56,71292
1777312020,266.56,266.57,266.4,266.4407,33313
1777312080,266.453736,266.5645,266.45,266.54,26575
1777312140,266.545,266.63,266.5001,266.5001,20851
1777312200,266.52,266.54,266.47,266.49,21524
1777312260,266.485,266.4999,266.43,266.4701,34016
1777312320,266.475,266.498072,266.35,266.43,27081
1777312380,266.43,266.46,266.37,266.445,25017
1777312440,266.43,266.47,266.4,266.41,16764
1777312500,266.4,266.43,266.3801,266.41,13480
1777312560,266.42,266.4499,266.405,266.44,16014
1777312620,266.45,266.51,266.45,266.465,21231
1777312680,266.45,266.485,266.45,266.465,10485
1777312740,266.465,266.5,266.42,266.48,18345
1777312800,266.47,266.52,266.375,266.405,42670
1777312860,266.405,266.4398,266.26,266.26,55924
1777312920,266.27,266.33,266.26,266.32,23403
1777312980,266.32,266.3688,266.31,266.31,16260
1777313040,266.31,266.31,266.2,266.26,38477
1777313100,266.265,266.3,266.18,266.23,22468
1777313160,266.22,266.2684,266.1954,266.25,22756
1777313220,266.24,266.35,266.24,266.3,31397
1777313280,266.29,266.39,266.29,266.36,24796
1777313340,266.36,266.43,266.35,266.42,25205
1777313400,266.43,266.47,266.37,266.37,27242
1777313460,266.38,266.425,266.36,266.39,24501
1777313520,266.385,266.64,266.385,266.625,52815
1777313580,266.625,266.64,266.55,266.5502,22258
1777313640,266.55,266.617274,266.52,266.5301,21154
1777313700,266.54,266.59,266.51,266.52,16802
1777313760,266.52,266.545,266.49,266.54,20994
1777313820,266.55,266.55,266.415,266.425,29941
1777313880,266.43,266.44,266.32,266.33,60994
1777313940,266.325,266.33,266.26,266.29,38211
1777314000,266.27,266.3065,266.2301,266.25,36330
1777314060,266.26,266.27,266.18,266.27,40985
1777314120,266.25,266.27,266.16,266.1694,38652
1777314180,266.16,266.19,266.15,266.1599,33572
1777314240,266.15,266.17,266.11,266.115,48113
1777314300,266.11,266.21,266.09,266.16,55466
1777314360,266.165,266.205,266.135,266.2,39811
1777314420,266.2,266.35,266.17,266.34,74706
1777314480,266.34,266.405,266.31,266.3899,75012
1777314540,266.36,266.37,266.26,266.3499,37921
1777314600,266.35,266.35,266.26,266.29,31891
1777314660,266.29,266.3,266.13,266.135,62589
1777314720,266.135,266.19,266.13,266.19,38023
1777314780,266.19,266.205,266.13,266.16,48550
1777314840,266.165,266.31,266.15,266.29,36543
1777314900,266.29,266.3,266.21,266.235,25025
1777314960,266.235,266.255,266.2,266.21,25168
1777315020,266.225,266.2599,266.18,266.2099,34946
1777315080,266.21,266.26,266.17,266.26,39189
1777315140,266.26,266.4,266.26,266.3701,27216
1777315200,266.38,266.43,266.3,266.3401,35493
1777315260,266.37,266.45,266.3501,266.365,35847
1777315320,266.37,266.3799,266.29,266.295,18725
1777315380,266.3,266.3,266.165,266.165,19886
1777315440,266.165,266.21,266.15,266.18,23577
1777315500,266.18,266.25,266.17,266.24,23142
1777315560,266.25,266.33,266.24,266.28,17425
1777315620,266.2808,266.31,266.2682,266.3,16623
1777315680,266.298202,266.298202,266.25,266.25,14509
1777315740,266.2415,266.25,266.15,266.165,20204
1777315800,266.18,266.2,266.17,266.195,14339
1777315860,266.195,266.22,266.16,266.17,14621
1777315920,266.18,266.19,266.16,266.19,15599
1777315980,266.2,266.335,266.19,266.33,28747
1777316040,266.34,266.495,266.32,266.495,46964
1777316100,266.49,266.515,266.41,266.44,57650
1777316160,266.44,266.4425,266.38,266.39,28136
1777316220,266.3901,266.45,266.37,266.425,19904
1777316280,266.424,266.45,266.355,266.41,26516
1777316340,266.4,266.42,266.3631,266.42,27679
1777316400,266.44,266.59,266.44,266.52,37242
1777316460,266.53,266.56,266.44,266.445,20990
1777316520,266.46,266.49,266.39,266.455,36325
1777316580,266.455,266.53,266.42,266.42,17799
1777316640,266.41,266.48,266.365,266.365,50364
1777316700,266.36,266.4,266.33,266.37,51441
1777316760,266.37,266.41,266.33,266.34,45824
1777316820,266.35,266.41,266.31,266.4,24532
1777316880,266.4,266.477,266.35,266.464,22407
1777316940,266.46,266.4766,266.425,266.46,31209
1777317000,266.45,266.59,266.43,266.5704,22500
1777317060,266.575,266.62,266.56,266.565,28498
1777317120,266.57,266.65,266.565,266.638,24078
1777317180,266.64,266.73,266.64,266.67,33076
1777317240,266.67,266.67,266.62,266.6301,20002
1777317300,266.635,266.87,266.635,266.86,49821
1777317360,266.8725,266.881,266.76,266.78,44731
1777317420,266.78,266.8,266.695,266.73,28776
1777317480,266.725,266.78,266.69,266.76,24471
1777317540,266.77,266.77,266.6502,266.68,26514
1777317600,266.68,266.7,266.65,266.68,13376
1777317660,266.68,266.72,266.65,266.7,19858
1777317720,266.67,266.8,266.67,266.72,40444
1777317780,266.72,266.8,266.72,266.775,18780
1777317840,266.775,266.825,266.746108,266.746108,26039
1777317900,266.7416,266.85,266.74,266.84,34304
1777317960,266.84,266.88,266.79,266.8,24973
1777318020,266.8,266.805,266.75,266.805,25213
1777318080,266.805,267.06,266.8,267.04,91981
1777318140,267.03,267.215,267.03,267.15,98864
1777318200,267.16,267.2,267.05,267.165,59943
1777318260,267.17,267.32,267.135,267.31,84917
1777318320,267.31,267.54,267.3,267.515,89089
1777318380,267.515,267.6,267.41,267.42,69103
1777318440,267.42,267.465,267.369,267.44,86153
1777318500,267.4302,267.49,267.3901,267.47,62873
1777318560,267.47,267.47,267.38,267.395,41281
1777318620,267.395,267.4899,267.37,267.4,54403
1777318680,267.395,267.49,267.39,267.43,37123
1777318740,267.44,267.46,267.34,267.395,47130
1777318800,267.39,267.53,267.34,267.52,78904
1777318860,267.51,267.53,267.44,267.46,44255
1777318920,267.455,267.61,267.4466,267.585,80624
1777318980,267.575,267.65,267.55,267.64,67514
1777319040,267.64,267.73,267.62,267.7,144433
1777319100,267.71,267.82,267.591,267.69,83830
1777319160,267.68,267.69,267.6062,267.69,50955
1777319220,267.7,267.73,267.61,267.73,51315
1777319280,267.73,267.74,267.66,267.675,39466
1777319340,267.67,267.7,267.55,267.587,73731
1777319400,267.58,267.79,267.58,267.785,101546
1777319460,267.785,267.81,267.73,267.795,79378
1777319520,267.79,267.97,267.735,267.83,120295
1777319580,267.83,267.83,267.69,267.78,97902
1777319640,267.79,267.9,267.53,267.54,135468
1777319700,267.54,267.7,267.43,267.64,130128
1777319760,267.64,267.7295,267.63,267.68,138056
1777319820,267.685,267.89,267.64,267.845,147427
1777319880,267.84,267.85,267.66,267.66,207973
1777319940,267.67,267.69,267.44,267.64,507621
1777383000,272.335,273.23,270.18,270.47,1214364
1777383060,270.493,270.493,269.02,269.4,243878
1777383120,269.453,269.72,269.08,269.4988,132250
1777383180,269.44,269.76,269.195,269.58,198763
1777383240,269.59,269.77,269.09,269.1219,134329
1777383300,269.1205,269.64,269.07,269.31,151957
1777383360,269.3201,269.46,268.79,268.81,138216
1777383420,268.76,269.18,268.66,269.1,79634
1777383480,269.14375,269.88,269.14375,269.83,181030
1777383540,269.8301,270.05,269.8,269.85,122204
1777383600,269.824,269.94,269.43,269.94,94794
1777383660,269.935,269.94,269.43,269.705,83375
1777383720,269.71,269.75,269.45,269.47,122629
1777383780,269.48,269.75,269.4,269.51,76648
1777383840,269.525,269.835,269.51,269.76,66435
1777383900,269.76,270.05,269.5432,269.555,159811
1777383960,269.55,269.9199,269.53,269.81,36172
1777384020,269.815,270.04,269.55,270.02,55722
1777384080,270,270.28,269.9709,270.275,82790
1777384140,270.29,270.44,269.88,270.4322,163054
1777384200,270.44,270.47,270.2,270.22,81737
1777384260,270.19,270.5885,270.19,270.55,80696
1777384320,270.55,270.6,270.24,270.2869,81021
1777384380,270.285,270.34,270.14,270.17,43143
1777384440,270.15,270.18,270.0435,270.095,51979
1777384500,270.08,270.08,269.654,269.654,77963
1777384560,269.66,269.9,269.6001,269.71,47341
1777384620,269.72,269.93,269.65,269.9,36662
1777384680,269.91,269.985,269.77,269.965,35579
1777384740,269.98,270,269.72,269.905,60001
1777384800,269.85,270.15,269.67,270.12,93826
1777384860,270.105,270.26,269.95,269.95,53289
1777384920,269.93,269.995,269.84,269.92,48344
1777384980,269.93,269.93,269.68,269.8399,37149
1777385040,269.83,269.86,269.66,269.7501,26270
1777385100,269.765,269.9699,269.72,269.855,26253
1777385160,269.83,269.87,269.7,269.76,35913
1777385220,269.785,270.18,269.765,270.14,78058
1777385280,270.13,270.2699,270.055,270.2699,40010
1777385340,270.25,270.31,270.12,270.225,73795
1777385400,270.22,270.42,270.21,270.34,57015
1777385460,270.355,270.44,270.05,270.235,57879
1777385520,270.25,270.29,270.01,270.13,36645
1777385580,270.15,270.2616,270.11,270.12,27959
1777385640,270.12,270.3,269.98,270.295,50865
1777385700,270.32,270.47,270.25,270.42,36226
1777385760,270.4,270.73,270.37,270.63,198307
1777385820,270.63,270.645,270.45,270.61,41729
1777385880,270.565,270.67,270.49,270.64,74965
1777385940,270.6001,270.77,270.55,270.72,46235
1777386000,270.71,270.7756,270.531,270.625,35875
1777386060,270.63,270.6601,270.5,270.59,39818
1777386120,270.5885,270.845,270.5885,270.84,45654
1777386180,270.83,270.91,270.7201,270.8499,43877
1777386240,270.825,270.825,270.551,270.79,71751
1777386300,270.77,270.94,270.73,270.76,54598
1777386360,270.72,270.74,270.64,270.71,43600
1777386420,270.72,271.095,270.72,271.095,73854
1777386480,271.09,271.2899,271,271.275,79448
1777386540,271.275,271.4,271.215,271.2799,99145
1777386600,271.28,271.4,271.2,271.4,80249
1777386660,271.4,271.65,271.37,271.635,78552
1777386720,271.62,271.654,271.4401,271.48,98572
1777386780,271.49,271.49,271.32,271.3999,47930
1777386840,271.42,271.52,271.33,271.445,94153
1777386900,271.43,271.53,271.2,271.24,148769
1777386960,271.2,271.28,270.9704,271.2,81889
1777387020,271.2,271.23,270.79,270.92,74467
1777387080,270.89,270.915,270.642,270.82,48311
1777387140,270.835,271.06,270.74,271.06,65441
1777387200,271.04,271.04,270.81,270.97,45712
1777387260,270.97,271.33,270.965,271.2225,95779
1777387320,271.2386,271.32,271.09,271.1349,62480
1777387380,271.14,271.315,271.04,271.2,45544
1777387440,271.21,271.315,271.0804,271.255,48288
1777387500,271.255,271.54,271.24,271.52,69631
1777387560,271.515,271.55,271.41,271.4799,48985
1777387620,271.45,271.53,271.29,271.53,58873
1777387680,271.45,271.7495,271.37,271.68,57959
1777387740,271.6896,271.69,271.3,271.39,60350
1777387800,271.37,271.5,271.215,271.285,65188
1777387860,271.3,271.49,271.27,271.43,72561
1777387920,271.42,271.49,271.35,271.45,47227
1777387980,271.48,271.48,271.14,271.24,58893
1777388040,271.24,271.55,271.23,271.485,69955
1777388100,271.485,271.485,271.15,271.21,58768
1777388160,271.23,271.28,270.93,271.06,60272
1777388220,271.03,271.17,270.98,271.07,60847
1777388280,271.08,271.14,270.92,271.1,31013
1777388340,271.095,271.1895,271.01,271.13,54259
1777388400,271.17,271.54,271.085,271.54,82388
1777388460,271.5299,271.59,271.37,271.38,59531
1777388520,271.425,271.69,271.425,271.51,76763
1777388580,271.5,271.5,271.24,271.4,47760
1777388640,271.38,271.54,271.3701,271.54,28679
1777388700,271.52,271.83,271.52,271.7,190363
1777388760,271.7,271.83,271.615,271.66,54317
1777388820,271.66,271.66,271.37,271.5701,65914
1777388880,271.59,271.79,271.58,271.7169,45867
1777388940,271.72,271.765,271.62,271.6502,51416
1777389000,271.68,271.75,271.59,271.7,56150
1777389060,271.7,271.74,271.46,271.685,177626
1777389120,271.7,271.7,271.22,271.27,83071
1777389180,271.25,271.54,271.2107,271.5199,42200
1777389240,271.5,271.56,271.4,271.555,29986
1777389300,271.54,271.6,271.36,271.365,37087
1777389360,271.33,271.39,271.06,271.19,77533
1777389420,271.17,271.17,271.04,271.1501,43812
1777389480,271.14,271.25,271.04,271.04,26063
1777389540,271.0375,271.1199,270.925,270.975,34626
1777389600,270.99,271.06,270.9408,271.01,25020
1777389660,271,271.05,270.8106,270.813,56170
1777389720,270.83,271.02,270.82,271,33579
1777389780,270.9966,270.9966,270.7601,270.91,49596
1777389840,270.9,271.26,270.8901,271.22,61640
1777389900,271.195,271.24,270.82,270.83,38959
1777389960,270.84,270.85,270.72,270.785,39501
1777390020,270.77,270.785,270.56,270.57,29766
1777390080,270.56,270.67,270.49,270.5001,38747
1777390140,270.5,270.56,270.29,270.325,62190
1777390200,270.325,270.51,270.325,270.42,33555
1777390260,270.43,270.44,270.2,270.225,30762
1777390320,270.23,270.475,270.21,270.475,32221
1777390380,270.475,270.565,270.45,270.485,27721
1777390440,270.49,270.51,270.19,270.19,26099
1777390500,270.2003,270.3798,270.16,270.2501,27232
1777390560,270.25,270.25,269.96,269.995,42696
1777390620,270.015,270.2098,270.015,270.205,25344
1777390680,270.21,270.2464,270.08,270.12,22026
1777390740,270.11,270.2399,270.1,270.19,51284
1777390800,270.16,270.37,270.11,270.35,26383
1777390860,270.34,270.39,270.235,270.24,21964
1777390920,270.22,270.22,270.06,270.16,18567
1777390980,270.13,270.18,270.11,270.14,14362
1777391040,270.14,270.14,269.89,269.93,28580
1777391100,269.93,270.1499,269.89,270.05,30665
1777391160,270.025,270.1099,269.93,270.03,15942
1777391220,270.03,270.14,270.01,270.08,20729
1777391280,270.05,270.06,269.8509,269.87,22140
1777391340,269.875,269.88,269.75,269.7901,55498
1777391400,269.79,269.82,269.72,269.745,18821
1777391460,269.7499,269.895,269.6747,269.695,34599
1777391520,269.71,269.8,269.69,269.715,20394
1777391580,269.72,269.7292,269.61,269.65,32927
1777391640,269.63,269.685,269.48,269.685,61457
1777391700,269.67,269.7499,269.6501,269.67,13071
1777391760,269.685,269.69,269.58,269.6399,22691
1777391820,269.63,269.74,269.54,269.63,33936
1777391880,269.62,269.7143,269.61,269.66,14053
1777391940,269.66,269.7,269.585,269.64,14707
1777392000,269.665,269.8,269.665,269.755,21712
1777392060,269.77,269.92,269.76,269.88,23089
1777392120,269.885,269.93,269.855,269.885,45469
1777392180,269.89,269.99,269.843,269.99,28945
1777392240,269.985,270.05,269.95,269.995,46093
1777392300,270,270,269.87,269.885,25660
1777392360,269.8899,270.12,269.8501,270.11,24846
1777392420,270.095,270.17,270.06,270.125,17197
1777392480,270.13,270.14,270.02,270.0201,24282
1777392540,270.01,270.06,269.94,269.94,15893
1777392600,269.945,269.95,269.815,269.85,18459
1777392660,269.85,269.89,269.82,269.88,14667
1777392720,269.885,269.965,269.86,269.895,10189
1777392780,269.9,269.95,269.875,269.88,8099
1777392840,269.89,269.9454,269.87,269.87,17230
1777392900,269.87,269.87,269.73,269.74,27057
1777392960,269.745,269.7782,269.68,269.7002,17716
1777393020,269.71,269.73,269.64,269.71,18892
1777393080,269.7,269.76,269.675,269.7151,10270
1777393140,269.71,269.73,269.63,269.67,15244
1777393200,269.6506,269.7,269.6,269.6,18252
1777393260,269.599,269.61,269.48,269.495,32181
1777393320,269.51,269.545,269.435,269.4513,14349
1777393380,269.46,269.46,269.4,269.42,15016
1777393440,269.4398,269.4999,269.3745,269.39,17399
1777393500,269.385,269.4622,269.36,269.46,16280
1777393560,269.47,269.5785,269.47,269.55,13322
1777393620,269.55,269.6099,269.4301,269.45,19701
1777393680,269.4537,269.4537,269.3313,269.43,12932
1777393740,269.455,269.52,269.4513,269.516,21510
1777393800,269.49,269.59,269.49,269.58,14645
1777393860,269.57,269.57,269.48,269.5501,32648
1777393920,269.56,269.63,269.49,269.5,20883
1777393980,269.525,269.7,269.5,269.67,36234
1777394040,269.666,269.675,269.56,269.57,19912
1777394100,269.56,269.63,269.49,269.63,29315
1777394160,269.64,269.7399,269.64,269.69,12252
1777394220,269.7,269.74,269.67,269.74,8900
1777394280,269.75,269.841,269.75,269.76,25267
1777394340,269.755,269.8,269.72,269.8,12909
1777394400,269.8,269.875,269.8,269.815,19504
1777394460,269.82,269.82,269.63,269.63,18164
1777394520,269.62,269.65,269.475,269.475,21995
1777394580,269.48,269.55,269.4402,269.52,13836
1777394640,269.51,269.67,269.51,269.655,28192
1777394700,269.665,269.68,269.53,269.65,31842
1777394760,269.665,269.8399,269.665,269.825,34584
1777394820,269.82,269.86,269.75,269.75,17754
1777394880,269.74,269.74,269.62,269.68,20114
1777394940,269.68,269.835,269.58,269.815,31858
1777395000,269.82,269.96,269.795,269.84,28925
1777395060,269.85,269.95,269.83,269.94,19926
1777395120,269.97,270.09,269.97,270.09,22680
1777395180,270.08,270.11,269.995,270,18426
1777395240,270.01,270.02,269.919,269.919,12111
1777395300,269.94,269.9675,269.88,269.95,13616
1777395360,269.94,270.03,269.93,269.98,13819
1777395420,269.99,270.08,269.9604,269.9604,22916
1777395480,269.97,269.97,269.885,269.91,25157
1777395540,269.92,269.94,269.85,269.94,19909
1777395600,269.935,270.11,269.92,270.09,65168
1777395660,270.085,270.13,270.06,270.11,37636
1777395720,270.105,270.13,270,270,18127
1777395780,270,270.11,269.99,270.02,15879
1777395840,270.01,270.0396,269.9501,269.9501,11924
1777395900,269.965,270.0099,269.925,269.93,19486
1777395960,269.92,269.975,269.84,269.93,34818
1777396020,269.93,269.95,269.845,269.85,14470
1777396080,269.86,269.89,269.81,269.815,14296
1777396140,269.83,269.86,269.72,269.8368,28947
1777396200,269.835,269.88,269.81,269.81,22718
1777396260,269.82,269.83,269.73,269.76,18893
1777396320,269.755,269.76,269.64,269.655,22873
1777396380,269.6697,269.705,269.64,269.66,12399
1777396440,269.6501,269.7,269.64,269.7,11392
1777396500,269.72,269.7499,269.66,269.695,19660
1777396560,269.705,269.74,269.59,269.595,14644
1777396620,269.6,269.62,269.51,269.585,14086
1777396680,269.58,269.7299,269.52,269.71,16783
1777396740,269.7001,269.705,269.575,269.595,16856
1777396800,269.62,269.695,269.6001,269.67,17318
1777396860,269.665,269.76,269.66,269.74,20800
1777396920,269.74,269.815,269.7101,269.735,14883
1777396980,269.7399,269.74,269.6493,269.6769,7667
1777397040,269.68,269.705,269.62,269.69,16468
1777397100,269.695,269.76,269.655,269.74,12033
1777397160,269.74,269.76,269.68,269.755,14023
1777397220,269.75,269.91,269.73,269.9,25906
1777397280,269.91,269.95,269.87,269.92,18102
1777397340,269.9299,269.94,269.78,269.87,20753
1777397400,269.87,269.9099,269.84,269.8407,9244
1777397460,269.85,269.8599,269.79,269.82,17208
1777397520,269.82,269.9299,269.81,269.83,18761
1777397580,269.85,269.92,269.83,269.91,7824
1777397640,269.91,269.982,269.9,269.955,15143
1777397700,269.96,269.99,269.91,269.91,15298
1777397760,269.9,269.9325,269.8701,269.89,6834
1777397820,269.8999,269.9699,269.8902,269.92,15581
1777397880,269.925,270.09,269.89,270.07,27843
1777397940,270.06,270.0643,269.98,270.001,13034
1777398000,270,270.11,269.9791,270.08,16085
1777398060,270.08,270.1,270.04,270.085,11442
1777398120,270.08,270.12,269.9932,270.01,14426
1777398180,269.99,270.03,269.9701,270.025,8537
1777398240,270.02,270.09,270.01,270.07,14634
1777398300,270.07,270.18,270.0502,270.165,21661
1777398360,270.16,270.25,270.14,270.16,29835
1777398420,270.16,270.415,270.15,270.39,25174
1777398480,270.38,270.4199,270.335,270.345,10529
1777398540,270.36,270.45,270.28,270.32,41443
1777398600,270.315,270.35,270.23,270.25,19870
1777398660,270.245,270.37,270.245,270.31,27366
1777398720,270.29,270.48,270.27,270.415,26582
1777398780,270.4177,270.55,270.41,270.54,24485
1777398840,270.5204,270.55,270.5,270.53,16721
1777398900,270.54,270.62,270.54,270.6,19988
1777398960,270.6,270.6499,270.555,270.555,11506
1777399020,270.56,270.61,270.5,270.525,18881
1777399080,270.52,270.545,270.5,270.54,14727
1777399140,270.5351,270.5691,270.5,270.515,16024
1777399200,270.53,270.57,270.27,270.28,76248
1777399260,270.31,270.525,270.31,270.43,29566
1777399320,270.4,270.47,270.375,270.47,17745
1777399380,270.441,270.49,270.33,270.46,31120
1777399440,270.46,270.46,270.3,270.395,28726
1777399500,270.3801,270.3801,270.275,270.32,26136
1777399560,270.33,270.35,270.24,270.281,22632
1777399620,270.27,270.3,270.21,270.21,30219
1777399680,270.18,270.2148,270.1201,270.16,14852
1777399740,270.15,270.93,270.125,270.37,143722
1777399800,270.375,270.4,270.3,270.32,18465
1777399860,270.32,270.54,270.32,270.52,41362
1777399920,270.52,270.53,270.4475,270.46,17070
1777399980,270.45,270.54,270.39,270.53,72888
1777400040,270.53,270.6,270.495,270.52,18959
1777400100,270.52,270.61,270.475,270.49,19235
1777400160,270.49,270.63,270.45,270.63,30273
1777400220,270.63,270.69,270.6001,270.63,17945
1777400280,270.61,270.625,270.45,270.54,31688
1777400340,270.535,270.66,270.535,270.62,15106
1777400400,270.63,270.68,270.5,270.5,29948
1777400460,270.51,270.605,270.45,270.52,34627
1777400520,270.5,270.54,270.465,270.49,18690
1777400580,270.49,270.74,270.49,270.6,45935
1777400640,270.578,270.625,270.55,270.5901,23201
1777400700,270.61,270.69,270.59,270.63,24850
1777400760,270.625,270.635,270.5,270.505,19994
1777400820,270.505,270.57,270.5,270.57,16579
1777400880,270.56,270.56,270.5,270.53,18248
1777400940,270.54,270.545,270.48,270.5,35817
1777401000,270.505,270.54,270.44,270.48,38896
1777401060,270.47,270.52,270.22,270.275,82045
1777401120,270.27,270.43,270.19,270.37,34951
1777401180,270.37,270.4551,270.34,270.44,26260
1777401240,270.42,270.515,270.4,270.5,13643
1777401300,270.485,270.505,270.36,270.36,30213
1777401360,270.37,270.45,270.37,270.42,10948
1777401420,270.42,270.43,270.38,270.39,15898
1777401480,270.39,270.42,270.3,270.35,19967
1777401540,270.32,270.41,270.3126,270.37,33945
1777401600,270.35,270.39,270.35,270.38,16385
1777401660,270.38,270.39,270.245,270.25,33699
1777401720,270.25,270.269,270.18,270.22,22512
1777401780,270.21,270.22,270.18,270.205,27482
1777401840,270.205,270.395,270.205,270.23,29635
1777401900,270.225,270.26,270.18,270.21,23864
1777401960,270.215,270.29,270.215,270.23,16099
1777402020,270.22,270.24,270.2,270.225,16466
1777402080,270.23,270.27,270.19,270.2101,28679
1777402140,270.2391,270.26,270.21,270.2101,11931
1777402200,270.21,270.2254,270.14,270.18,21257
1777402260,270.18,270.26,270.16,270.23,15141
1777402320,270.229,270.25,270.12,270.1201,20465
1777402380,270.122,270.23,270.11,270.12,25322
1777402440,270.115,270.115,270.03,270.065,18449
1777402500,270.06,270.06,269.89,269.945,27403
1777402560,269.96,270.09,269.931,270.02,48588
1777402620,270.02,270.17,270.01,270.155,47203
1777402680,270.15,270.16,270.06,270.065,15880
1777402740,270.075,270.098,270.03,270.0601,24320
1777402800,270.065,270.135,270.06,270.135,23928
1777402860,270.13,270.155,270.07,270.11,16705
1777402920,270.1,270.14,270.06,270.09,30017
1777402980,270.1099,270.11,270.02,270.1,37449
1777403040,270.105,270.14,270.07,270.13,12816
1777403100,270.13,270.22,270.08,270.21,24150
1777403160,270.21,270.29,270.185,270.28,27233
1777403220,270.29,270.34,270.26,270.31,19032
1777403280,270.31,270.36,270.26,270.295,18019
1777403340,270.295,270.3,270.2,270.225,20186
1777403400,270.21,270.265,270.1601,270.265,34893
1777403460,270.265,270.35,270.26,270.34,18181
1777403520,270.34,270.35,270.29,270.32,29984
1777403580,270.32,270.4,270.32,270.3898,19710
1777403640,270.38,270.45,270.37,270.45,20503
1777403700,270.44,270.54,270.42,270.4845,52495
1777403760,270.49,270.58,270.47,270.532,26210
1777403820,270.5202,270.57,270.4101,270.4101,34468
1777403880,270.43,270.44,270.371,270.4301,39206
1777403940,270.44,270.5,270.41,270.46,50358
1777404000,270.4401,270.49,270.295,270.49,31095
1777404060,270.48,270.57,270.47,270.57,22214
1777404120,270.565,270.6032,270.56,270.575,19293
1777404180,270.5767,270.63,270.51,270.54,30024
1777404240,270.52,270.52,270.355,270.375,29142
1777404300,270.375,270.377,270.23,270.27,38333
1777404360,270.27,270.3599,270.26,270.32,34251
1777404420,270.32,270.33,270.24,270.25,18833
1777404480,270.2425,270.25,270.18,270.21,15677
1777404540,270.21,270.225,270.125,270.225,32667
1777404600,270.225,270.3219,270.21,270.2835,32582
1777404660,270.29,270.41,270.25,270.3701,41051
1777404720,270.38,270.4,270.17,270.17,23298
1777404780,270.16,270.185,270.06,270.08,21412
1777404840,270.0898,270.09,270.01,270.03,42034
1777404900,270.04,270.09,270.02,270.065,39875
1777404960,270.06,270.11,269.995,270.1099,59941
1777405020,270.105,270.1801,270.105,270.16,39368
1777405080,270.165,270.25,270.165,270.2181,26310
1777405140,270.23,270.44,270.2295,270.4201,35752
1777405200,270.44,270.58,270.43,270.555,39652
1777405260,270.5403,270.59,270.51,270.575,29258
1777405320,270.58,270.59,270.39,270.44,34899
1777405380,270.43,270.56,270.43,270.52,31424
1777405440,270.54,270.575,270.5,270.55,29253
1777405500,270.55,270.65,270.525,270.6491,44791
1777405560,270.64,270.74,270.64,270.7,55017
1777405620,270.7,270.7199,270.63,270.695,59267
1777405680,270.685,270.74,270.67,270.7,39213
1777405740,270.69,270.72,270.57,270.61,36956
1777405800,270.63,270.8,270.62,270.79,69338
1777405860,270.8,270.91,270.795,270.9,75654
1777405920,270.89,270.945,270.84,270.9,65100
1777405980,270.91,270.91,270.6,270.635,83887
1777406040,270.63,270.73,270.48,270.63,99238
1777406100,270.6,270.83,270.56,270.8,127085
1777406160,270.82,270.82,270.7,270.78,112181
1777406220,270.78,270.805,270.6918,270.74,156004
1777406280,270.75,270.84,270.7,270.83,221500
1777406340,270.83,270.85,270.69,270.76,425196
1777469400,267.59,268.04,267.04,267.8599,563803
1777469460,267.79,267.79,267.2,267.42,123773
1777469520,267.45,268.11,267.4,268.01,114653
1777469580,267.995,268.6499,267.99,268.455,88131
1777469640,268.435,268.5,268,268.195,74887
1777469700,268.16,268.43,267.704,267.76,94410
1777469760,267.77,268.02,267.73,268.02,63202
1777469820,268.04,268.2799,267.95,268.032,74883
1777469880,267.99,268.54,267.96,268.45,59748
1777469940,268.42,268.77,268.4125,268.625,62374
1777470000,268.619466,268.7,268.44,268.62,44984
1777470060,268.62,268.99,268.59,268.91,74790
1777470120,268.905,269,268.47,268.62,90592
1777470180,268.61,268.82,268.525,268.625,106142
1777470240,268.62,268.705,268.5,268.5001,37297
1777470300,268.51,268.86,268.51,268.785,67910
1777470360,268.81,269.04,268.78,269,64238
1777470420,269.025,269.1588,268.83,268.85,46866
1777470480,268.85,269.32,268.695,269.31,49915
1777470540,269.34,269.46,269.2,269.345,95704
1777470600,269.36,269.56,269.27,269.32,83308
1777470660,269.33,269.38,268.93,269.11,98216
1777470720,269.11,269.14,268.8758,269.01,37297
1777470780,269.0166,269.049,268.78,268.8113,47528
1777470840,268.8,269.11,268.79,269.08,36622
1777470900,269.12,269.225,269.075,269.19,29307
1777470960,269.2,269.21,268.89,268.93,33522
1777471020,268.91,269.075,268.87,268.98,34968
1777471080,268.95,269.11,268.81,268.86,36008
1777471140,268.895,269.34,268.895,269.27,47577
1777471200,269.32,269.46,269.22,269.3,72217
1777471260,269.32,269.55,269.28,269.455,40942
1777471320,269.44,269.66,269.35,269.655,39244
1777471380,269.655,269.655,269.45,269.637,53660
1777471440,269.6101,269.97,269.6101,269.84,86655
1777471500,269.815,270,269.68,269.98,79794
1777471560,269.99,270.3118,269.9801,270.27,107511
1777471620,270.27,270.285,269.8701,269.89,44329
1777471680,269.88,270.13,269.845,270.09,149720
1777471740,270.1,270.14,269.71,269.75,71894
1777471800,269.76,269.76,269.579,269.579,43287
1777471860,269.585,269.67,269.47,269.535,33133
1777471920,269.545,269.56,269.37,269.405,43676
1777471980,269.42,269.48,269.21,269.21,36808
1777472040,269.21,269.55,269.2,269.505,41871
1777472100,269.52,269.53,269.4202,269.4301,19417
1777472160,269.46,269.46,269.16,269.2699,39874
1777472220,269.25,269.385,269.05,269.37,35215
1777472280,269.4,269.405,269.25,269.3447,35928
1777472340,269.37,269.679,269.37,269.64,32384
1777472400,269.63,269.64,269.26,269.26,29011
1777472460,269.2201,269.36,269.2101,269.2599,16262
1777472520,269.26,269.39,269.21,269.375,35395
1777472580,269.3899,269.415,269.12,269.14,35622
1777472640,269.135,269.19,269.035,269.155,45053
1777472700,269.16,269.25,269.13,269.169,22821
1777472760,269.18,269.42,269.16,269.34,39179
1777472820,269.33,269.39,269.18,269.23,30951
1777472880,269.23,269.2701,269.06,269.165,24138
1777472940,269.17,269.4,269.15,269.395,32090
1777473000,269.41,269.415,269.1,269.125,30177
1777473060,269.1201,269.22,269.0304,269.145,22509
1777473120,269.16,269.24,269.135,269.16,26627
1777473180,269.165,269.18,269.0601,269.115,37223
1777473240,269.12,269.21,269.08,269.18,22953
1777473300,269.185,269.37,269.16,269.32,43594
1777473360,269.3,269.32,269.11,269.13,23788
1777473420,269.13,269.31,269.13,269.27,26048
1777473480,269.245,269.33,269.23,269.33,15023
1777473540,269.3354,269.3354,269.22,269.26,18985
1777473600,269.265,269.31,269.21,269.27,19419
1777473660,269.285,269.4399,269.25,269.42,24086
1777473720,269.42,269.42,269.29,269.36,27565
1777473780,269.355,269.45,269.23,269.43,20889
1777473840,269.435,269.47,269.335,269.39,37586
1777473900,269.43,269.66,269.38,269.65,36058
1777473960,269.65,269.67,269.5301,269.585,39675
1777474020,269.55,269.7099,269.49,269.49,23468
1777474080,269.515,269.6099,269.45,269.6099,20364
1777474140,269.61,269.6898,269.5501,269.665,17832
1777474200,269.6601,269.79,269.6601,269.75,27633
1777474260,269.76,269.76,269.655,269.655,19261
1777474320,269.6401,269.71,269.6,269.71,16574
1777474380,269.72,269.91,269.71,269.909,38812
1777474440,269.9,269.93,269.78,269.91,22484
1777474500,269.915,269.93,269.73,269.741,12247
1777474560,269.74,269.74,269.43,269.44,29686
1777474620,269.44,269.52,269.423,269.48,17855
1777474680,269.5,269.5,269.28,269.31,41980
1777474740,269.31,269.3497,269.29,269.31,15558
1777474800,269.305,269.36,269.26,269.27,28392
1777474860,269.28,269.42,269.2133,269.32,19614
1777474920,269.315,269.3399,269.07,269.1,29932
1777474980,269.1,269.1,268.84,268.89,35681
1777475040,268.9,269.1,268.86,269.04,38409
1777475100,269.025,269.1,268.9,268.93,39001
1777475160,268.96,269.17,268.96,269.15,32429
1777475220,269.16,269.26,269.0709,269.14,43368
1777475280,269.1376,269.3,269.12,269.23,23804
1777475340,269.235,269.27,269.155,269.2,21885
1777475400,269.2,269.26,269.11,269.2099,27033
1777475460,269.16,269.23,269.1,269.21,31958
1777475520,269.21,269.3,269.115,269.115,22914
1777475580,269.12,269.185,269,269.15,84385
1777475640,269.145,269.145,268.91,268.915,27086
1777475700,268.92,269.1,268.89,269.0813,39409
1777475760,269.0864,269.14,269.02,269.0801,20693
1777475820,269.085,269.085,268.92,269.055,28938
1777475880,269.07,269.08,268.94,268.975,23738
1777475940,268.95,268.95,268.85,268.875,20971
1777476000,268.85,268.85,268.73,268.77,23490
1777476060,268.78,268.906,268.775,268.825,26095
1777476120,268.83,268.9,268.82,268.87,26851
1777476180,268.86,269.065,268.86,268.945,24708
1777476240,268.96,269.01,268.94,268.96,14915
1777476300,268.95,269.02,268.95,268.99,11566
1777476360,268.995,269,268.83,268.86,21340
1777476420,268.85,268.97,268.85,268.955,26624
1777476480,268.96,268.9801,268.8978,268.96,36245
1777476540,268.975,269.03,268.83,268.83,28696
1777476600,268.85,268.915,268.81,268.81,23560
1777476660,268.82,268.89,268.74,268.855,42035
1777476720,268.86,268.86,268.71,268.72,36830
1777476780,268.71,268.71,268.61,268.64,37514
1777476840,268.645,268.78,268.6003,268.78,27648
1777476900,268.79,268.98,268.76,268.9524,68974
1777476960,268.96,269.01,268.9176,268.9176,28051
1777477020,268.935,269.0902,268.92,269.055,38741
1777477080,269.055,269.15,269.05,269.085,21073
1777477140,269.06,269.09,268.98,269.07,28350
1777477200,269.08,269.18,269.075,269.075,14852
1777477260,269.07,269.115,269.03,269.1,20036
1777477320,269.085,269.26,269.085,269.239,22503
1777477380,269.26,269.2701,269.06,269.08,26328
1777477440,269.08,269.16,269.01,269.05,43900
1777477500,269.08,269.22,269.03,269.21,34704
1777477560,269.21,269.26,269.1,269.12,17192
1777477620,269.13,269.17,268.85,268.99,98242
1777477680,269.0201,269.17,268.93,268.99,46823
1777477740,268.9701,269,268.782,268.795,16649
1777477800,268.81,268.855,268.715,268.78,34290
1777477860,268.76,268.88,268.48,268.641,87108
1777477920,268.68,268.73,268.4501,268.65,27050
1777477980,268.69,268.7,268.25,268.31,36837
1777478040,268.31,268.49,268.2,268.42,53177
1777478100,268.46,268.58,268.441,268.56,32038
1777478160,268.56,268.58,268.385,268.565,24140
1777478220,268.57,268.59,268.515,268.52,12806
1777478280,268.51,268.71,268.51,268.68,21629
1777478340,268.67,268.69,268.55,268.63,19209
1777478400,268.65,268.76,268.62,268.76,12878
1777478460,268.76,268.92,268.7001,268.8951,22017
1777478520,268.895,268.985,268.855,268.98,25997
1777478580,268.99,269.0998,268.985,269.05,22253
1777478640,269.05,269.0736,269.0224,269.035,13097
1777478700,269.035,269.035,268.925,268.925,19035
1777478760,268.93,269,268.91,268.93,14020
1777478820,268.94,268.97,268.8901,268.965,28636
1777478880,268.97,268.99,268.92,268.98,8927
1777478940,268.96,268.97,268.72,268.72,25358
1777479000,268.7232,268.94,268.7,268.89,19124
1777479060,268.88,268.902,268.82,268.89,36573
1777479120,268.87,269.06,268.84,269.06,27408
1777479180,269.06,269.09,269.015,269.07,11199
1777479240,269.07,269.07,268.985,269,14816
1777479300,268.99,269.09,268.96,268.995,12038
1777479360,269,269.07,268.96,268.98,11745
1777479420,268.98,268.985,268.82,268.8401,8289
1777479480,268.84,268.84,268.72,268.77,21754
1777479540,268.78,268.82,268.72,268.76,32629
1777479600,268.74,268.86,268.735,268.785,18206
1777479660,268.81,268.89,268.81,268.885,9816
1777479720,268.88,269.04,268.87,269.02,19687
1777479780,269.01,269.26,269.01,269.255,47940
1777479840,269.26,270.15,269.243,269.755,205072
1777479900,269.75,269.85,269.58,269.7,72924
1777479960,269.7,269.89,269.675,269.89,63260
1777480020,269.89,269.93,269.66,269.695,44313
1777480080,269.71,269.735,269.48,269.525,39568
1777480140,269.52,269.825,269.5,269.825,54084
1777480200,269.83,269.94,269.75,269.93,27408
1777480260,269.915,269.99,269.87,269.93,32926
1777480320,269.93,270.02,269.86,269.97,35992
1777480380,269.98,270.089,269.89,270.085,37343
1777480440,270.085,270.16,269.95,269.96,36154
1777480500,269.955,269.97,269.78,269.785,27607
1777480560,269.81,269.9,269.765,269.89,13848
1777480620,269.89,270.11,269.88,269.975,30434
1777480680,269.975,270.03,269.9051,269.9051,18758
1777480740,269.89,269.95,269.855,269.9485,15913
1777480800,269.95,270.09,269.925,269.96,21220
1777480860,269.94,269.95,269.8701,269.935,13462
1777480920,269.93,270.13,269.93,270.07,17118
1777480980,270.06,270.21,270.05,270.2,40048
1777481040,270.21,270.2299,270.16,270.2,23051
1777481100,270.2002,270.23,270.1101,270.185,22199
1777481160,270.2,270.23,270.1425,270.16,29093
1777481220,270.18,270.24,270.1309,270.17,20000
1777481280,270.1601,270.37,270.09,270.3634,27892
1777481340,270.38,270.5,270.3519,270.49,21582
1777481400,270.49,270.5,270.35,270.49,29921
1777481460,270.49,270.56,270.435,270.56,29870
1777481520,270.555,270.635,270.46,270.625,57647
1777481580,270.615,270.8,270.61,270.67,33937
1777481640,270.67,270.85,270.6396,270.8,46963
1777481700,270.785,270.87,270.65,270.65,65781
1777481760,270.6551,270.89,270.625,270.89,38584
1777481820,270.86,271.04,270.86,270.87,64318
1777481880,270.865,270.99,270.7701,270.985,31305
1777481940,270.98,271,270.869,270.95,22381
1777482000,270.97,270.98,270.61,270.62,33507
1777482060,270.62,270.67,270.52,270.52,34108
1777482120,270.51,270.55,270.3001,270.36,30642
1777482180,270.35,270.42,270.3004,270.32,18037
1777482240,270.315,270.44,270.295,270.33,11843
1777482300,270.36,270.51,270.29,270.495,12465
1777482360,270.5,270.6781,270.49,270.67,21283
1777482420,270.67,270.69,270.52,270.525,10320
1777482480,270.5111,270.565,270.4001,270.435,12605
1777482540,270.44,270.45,270.35,270.37,10499
1777482600,270.385,270.4,270.305,270.355,14355
1777482660,270.37,270.37,270.23,270.245,14752
1777482720,270.245,270.3,270.22,270.3,8679
1777482780,270.3,270.3,270.21,270.23,14037
1777482840,270.24,270.24,270.11,270.135,17281
1777482900,270.135,270.15,270.05,270.105,30594
1777482960,270.105,270.105,270.02,270.05,31591
1777483020,270.06,270.14,270.03,270.07,12166
1777483080,270.097,270.097,270.035,270.05,6686
1777483140,270.02,270.05,269.98,270.005,25317
1777483200,270.02,270.24,270,270.06,19845
1777483260,270.03,270.158,269.99,270.13,34389
1777483320,270.15,270.18,270.12,270.13,9922
1777483380,270.11,270.17,270.01,270.025,16182
1777483440,270.03,270.08,269.91,270.0633,9410
1777483500,270.095,270.15,270.05,270.14,13929
1777483560,270.14,270.2099,270.13,270.17,20560
1777483620,270.17,270.18,270.11,270.11,7613
1777483680,270.115,270.14,270.05,270.105,19089
1777483740,270.12,270.2,270.085,270.199,7291
1777483800,270.2,270.26,270.14,270.19,15151
1777483860,270.19,270.34,270.1401,270.2,11295
1777483920,270.18,270.36,270.175,270.3499,11287
1777483980,270.3301,270.43,270.31,270.43,13127
1777484040,270.45,270.47,270.3401,270.38,21428
1777484100,270.385,270.41,270.34,270.37,13212
1777484160,270.36,270.45,270.36,270.44,9809
1777484220,270.45,270.453,270.4,270.415,8781
1777484280,270.42,270.54,270.42,270.5399,14558
1777484340,270.53,270.53,270.36,270.399,31722
1777484400,270.4,270.475,270.385,270.385,11186
1777484460,270.39,270.44,270.3,270.4051,28644
1777484520,270.4051,270.4051,270.31,270.33,10326
1777484580,270.324873,270.36,270.29,270.36,13383
1777484640,270.36,270.3799,270.33,270.35,8456
1777484700,270.34,270.36,270.2501,270.295,8067
1777484760,270.29,270.33,270.27,270.28,6062
1777484820,270.2501,270.31,270.25,270.31,11442
1777484880,270.32,270.45,270.3,270.3,21454
1777484940,270.34,270.415,270.27,270.4,21945
1777485000,270.39,270.55,270.33,270.55,31371
1777485060,270.54,270.59,270.46,270.49,9705
1777485120,270.465,270.48,270.41,270.42,7460
1777485180,270.42,270.43,270.335,270.34,26209
1777485240,270.35,270.37,270.295,270.32,25947
1777485300,270.35,270.35,270.25,270.31,8288
1777485360,270.315,270.42,270.22,270.23,30204
1777485420,270.21,270.25,270.13,270.24,25585
1777485480,270.24,270.32,270.2291,270.23,15632
1777485540,270.23,270.23,270.115,270.17,10430
1777485600,270.19,270.23,269.92,270.05,30144
1777485660,270.04,270.13,269.999,270.045,23110
1777485720,270.055,270.06,269.875,269.875,9983
1777485780,269.88,269.88,269.76,269.84,17292
1777485840,269.845,269.8888,269.8,269.81,19321
1777485900,269.83,269.86,269.75,269.79,15829
1777485960,269.78,269.87,269.77,269.86,13763
1777486020,269.855,269.96,269.775,269.81,27386
1777486080,269.81,269.81,269.67,269.69,16615
1777486140,269.67,269.79,269.64,269.7698,16330
1777486200,269.75,269.886,269.68,269.875,26893
1777486260,269.89,269.98,269.77,269.78,17882
1777486320,269.79,269.88,269.7601,269.84,17765
1777486380,269.8499,270.11,269.785,270.085,53437
1777486440,270.09,270.0999,270.04,270.04,13897
1777486500,270.02,270.07,269.92,270.0599,19427
1777486560,270.04,270.245,270.03,270.19,16848
1777486620,270.2,270.27,270.1719,270.21,10910
1777486680,270.2,270.21,270.12,270.15,14423
1777486740,270.14,270.15,270.02,270.04,9467
1777486800,270.04,270.23,270.035,270.21,12815
1777486860,270.22,270.23,270.1601,270.18,8352
1777486920,270.15,270.18,270.03,270.03,11375
1777486980,270.035,270.08,269.91,269.915,19647
1777487040,269.93,269.97,269.86,269.89,15883
1777487100,269.8951,269.8951,269.75,269.77,18540
1777487160,269.78,269.82,269.74,269.78,17740
1777487220,269.79,269.89,269.76,269.835,11905
1777487280,269.8,269.83,269.776,269.81,11829
1777487340,269.815,269.85,269.73,269.74,12312
1777487400,269.725,269.735,269.66,269.69,18496
1777487460,269.67,269.81,269.64,269.7,26065
1777487520,269.68,269.78,269.637208,269.78,12108
1777487580,269.825,269.91,269.825,269.855,13620
1777487640,269.855,269.86,269.755,269.84,11055
1777487700,269.81,270.03,269.8,269.9,27776
1777487760,269.9,270.2,269.9,269.965,23344
1777487820,269.965,269.965,269.64,269.86,40859
1777487880,269.875,269.92,269.74,269.75,12711
1777487940,269.78,269.796,269.7,269.745,14530
1777488000,269.74,269.81,269.65,269.775,20107
1777488060,269.765,269.78,269.63,269.635,14828
1777488120,269.63,269.715,269.5706,269.685,15913
1777488180,269.665,269.67,269.56,269.605,13358
1777488240,269.615,269.65,269.487,269.5098,21521
1777488300,269.52,269.55,269.4,269.54,26154
1777488360,269.55,269.59,269.37,269.51,14322
1777488420,269.5,269.8,269.48,269.78,34096
1777488480,269.795,269.8451,269.73,269.78,24753
1777488540,269.77,269.895,269.7585,269.83,22280
1777488600,269.83,269.96,269.83,269.9,17184
1777488660,269.875,269.96,269.8,269.805,15034
1777488720,269.79,269.86,269.76,269.79,14468
1777488780,269.8,269.83,269.7,269.81,21352
1777488840,269.775,269.85,269.77,269.835,10351
1777488900,269.84,270.01,269.84,269.91,15625
1777488960,269.905,269.93,269.7701,269.78,15188
1777489020,269.76,269.93,269.755,269.88,33267
1777489080,269.875,270.01,269.86,269.98,19741
1777489140,269.98,270.085,269.9231,270.075,16806
1777489200,270.07,270.24,270.07,270.19,29476
1777489260,270.17,270.2399,270.125,270.21,14761
1777489320,270.2,270.22,270.11,270.15,12604
1777489380,270.14,270.24,270.14,270.24,13187
1777489440,270.24,270.31,270.21,270.228,16271
1777489500,270.21,270.23,270.15,270.17,20470
1777489560,270.18,270.31,270.18,270.2401,23853
1777489620,270.24,270.29,270.22,270.2601,19676
1777489680,270.26,270.34,270.2101,270.29,35504
1777489740,270.28,270.3,270.22,270.24,10835
1777489800,270.25,270.5,270.2,270.43,29840
1777489860,270.42,270.45,270.29,270.29,29397
1777489920,270.29,270.38,270.26,270.34,21605
1777489980,270.34,270.37,270.285,270.32,18081
1777490040,270.3,270.32,270.23,270.26,57909
1777490100,270.26,270.37,270.26,270.3,19939
1777490160,270.29,270.3199,270.21,270.285,15378
1777490220,270.28,270.31,270.2001,270.215,15688
1777490280,270.21,270.315,270.2001,270.27,17746
1777490340,270.265,270.28,270.2011,270.25,13462
1777490400,270.26,270.37,270.2374,270.34,17587
1777490460,270.3399,270.34,270.19,270.22,23000
1777490520,270.22,270.235,270.14,270.15,11575
1777490580,270.145,270.1601,270.105,270.12,25107
1777490640,270.11,270.21,270.11,270.205,22302
1777490700,270.21,270.31,270.21,270.26,14883
1777490760,270.24,270.2491,270.15,270.15,19315
1777490820,270.15,270.221,270.15,270.22,23325
1777490880,270.24,270.25,270.19,270.2185,10530
1777490940,270.21,270.28,270.18,270.28,16859
1777491000,270.27,270.36,270.1125,270.12,28840
1777491060,270.12,270.165,270.055,270.07,26645
1777491120,270.04,270.04,269.883,269.92,32626
1777491180,269.9,269.9,269.775,269.87,22955
1777491240,269.84,269.89,269.82,269.875,24026
1777491300,269.88,269.93,269.85,269.91,32655
1777491360,269.92,269.995,269.85,269.88,36610
1777491420,269.89,270.1,269.89,270.01,20248
1777491480,270.005,270.1,270.005,270.05,26516
1777491540,270.06,270.08,269.935,269.95,42574
1777491600,269.94,269.99,269.76,269.77,51445
1777491660,269.77,269.85,269.71,269.845,51916
1777491720,269.845,269.95,269.76,269.93,39769
1777491780,269.93,269.97,269.88,269.9099,29707
1777491840,269.91,269.91,269.83,269.86,35856
1777491900,269.86,269.87,269.76,269.863,47544
1777491960,269.87,269.88,269.77,269.79,17544
1777492020,269.78,269.9,269.77,269.81,32691
1777492080,269.81,269.835,269.745,269.8,38628
1777492140,269.81,269.9,269.8,269.8,55928
1777492200,269.71,269.84,269.61,269.73,56837
1777492260,269.73,269.82,269.635,269.71,62485
1777492320,269.7,269.8001,269.69,269.8,39296
1777492380,269.81,269.98,269.8,269.9,80504
1777492440,269.91,270.1,269.74,269.97,77393
1777492500,269.986,270.027,269.75,269.9799,114664
1777492560,269.97,270.05,269.94,270.035,106391
1777492620,270.04,270.16,269.91,270.1,135285
1777492680,270.09,270.093224,269.85,269.88,192350
1777492740,269.87,270.33,269.845,270.19,559670
1777555800,270.52,270.96,270.04,270.21,734938
1777555860,270.15,270.3899,269.29,269.4399,120291
1777555920,269.4,269.44,268.75,269.03,164212
1777555980,269.04,269.3,268.91,268.94,143072
1777556040,268.925,269.23,268.75,269.035,118303
1777556100,269.06,269.265,268.72,268.83,147629
1777556160,268.86,269.1,268.6,269.1,161584
1777556220,269.0875,269.125,268.33,268.35,174982
1777556280,268.385,268.44,268.14,268.43,110512
1777556340,268.44,268.93,268.36,268.83,107003
1777556400,268.825,269.02,268.62,268.88,80931
1777556460,268.94,269.25,268.78,269.235,69897
1777556520,269.245,269.27,268.9309,269.26,99382
1777556580,269.25,269.41,269.11,269.13,78494
1777556640,269.13,269.36,269.005,269.07,64091
1777556700,269.07,269.625,269.03,269.5825,77830
1777556760,269.6,270.055,269.555,270,113755
1777556820,270.03,270.06,269.8,269.86,98043
1777556880,269.86,269.86,269.25,269.32,51287
1777556940,269.29,269.4684,269.045,269.4684,44159
1777557000,269.44,269.915,269.44,269.5937,77299
1777557060,269.592,269.81,269.42,269.79,65106
1777557120,269.78,270.28,269.75,270.28,68282
1777557180,270.3,270.62,270.3,270.595,109666
1777557240,270.61,270.71,270.5113,270.588,105620
1777557300,270.55,270.55,269.98,270.0165,119930
1777557360,270.03,270.25,269.8425,270.245,130842
1777557420,270.245,270.38,270.15,270.25,89599
1777557480,270.24,270.31,269.97,269.9801,92066
1777557540,269.9701,270.62,269.9701,270.6,75460
1777557600,270.6,271.25,270.5495,271.22,132995
1777557660,271.22,271.5298,271,271.395,253020
1777557720,271.395,271.73,271.395,271.63,150712
1777557780,271.63,271.81,271.4732,271.79,89322
1777557840,271.785,272.2,271.47,271.63,239530
1777557900,271.6,271.8,271.4,271.444,101192
1777557960,271.42,271.78,271.18,271.22,119217
1777558020,271.205,271.29,270.995,271.08,96592
1777558080,271.09,271.1,270.86,270.905,65695
1777558140,270.885,271.47,270.865,271.43,70004
1777558200,271.42,271.69,271.37,271.51,81305
1777558260,271.51,271.58,271.03,271.125,79699
1777558320,271.1,271.31,271.06,271.093,43588
1777558380,271.11,271.38,271.0101,271.35,101419
1777558440,271.32,271.35,271.03,271.19,101537
1777558500,271.2,271.55,271.2,271.42,69713
1777558560,271.42,271.44,271.17,271.215,34940
1777558620,271.24,271.49,271.19,271.3,48960
1777558680,271.28,271.41,271.08,271.33,69976
1777558740,271.36,271.38,271.04,271.04,53104
1777558800,271.03,271.44,271,271.35,62606
1777558860,271.38,271.48,271.09,271.14,72227
1777558920,271.14,271.34,271.0401,271.2804,51495
1777558980,271.31,271.7,271.31,271.69,55423
1777559040,271.67,271.87,271.63,271.74,50288
1777559100,271.735,272.08,271.5917,272.08,165402
1777559160,272.08,272.08,271.69,271.81,66495
1777559220,271.82,271.92,271.7,271.85,49927
1777559280,271.85,271.95,271.68,271.705,57191
1777559340,271.705,271.92,271.69,271.919,59174
1777559400,271.88,272.22,271.82,271.9845,71762
1777559460,271.995,272.2,271.96,272.06,70172
1777559520,272.02,272.19,271.9458,271.98,52227
1777559580,271.965,271.98,271.66,271.695,46729
1777559640,271.69,271.69,271.55,271.62,37065
1777559700,271.62,271.7399,271.44,271.44,49197
1777559760,271.4,271.46,270.95,271.04,63646
1777559820,271.03,271.21,270.99,271.145,49808
1777559880,271.09,271.13,270.99,271.08,35638
1777559940,271.055,271.1747,270.92,271.08,56750
1777560000,271.11,271.33,271.11,271.22,42785
1777560060,271.24,271.37,271.14,271.335,54027
1777560120,271.355,271.43,271.2,271.24,43922
1777560180,271.25,271.375,271.21,271.255,53412
1777560240,271.26,271.52,271.21,271.47,51635
1777560300,271.485,271.62,271.463,271.56,62896
1777560360,271.585,271.64,271.52,271.52,44676
1777560420,271.5,271.5,271.145,271.15,57853
1777560480,271.17,271.23,270.97,271.05,42292
1777560540,271.05,271.09,270.98,270.98,38878
1777560600,270.96,270.98,270.76,270.78,49958
1777560660,270.78,271.14,270.73,271.115,40627
1777560720,271.105,271.21,271,271.2,60362
1777560780,271.185,271.2299,271.0501,271.11,28639
1777560840,271.12,271.3,271.12,271.22,50289
1777560900,271.23,271.29,271.085,271.245,48293
1777560960,271.26,271.26,271.16,271.24,36274
1777561020,271.245,271.28,271.14,271.21,28704
1777561080,271.21,271.24,271.15,271.17,31891
1777561140,271.16,271.17,270.84,270.8605,36109
1777561200,270.86,271.005,270.76,271.005,39449
1777561260,270.97,271.19,270.97,271.145,46786
1777561320,271.145,271.145,270.9103,271,41274
1777561380,271.01,271.09,270.98,271,16996
1777561440,270.99,271.15,270.9005,271.12,33314
1777561500,271.135,271.18,271.06,271.08,39102
1777561560,271.07,271.345,271.06,271.28,43818
1777561620,271.275,271.47,271.23,271.41,49013
1777561680,271.41,271.45,271.17,271.17,72456
1777561740,271.14,271.295,271.08,271.265,49844
1777561800,271.275,271.36,271.22,271.245,34676
1777561860,271.245,271.38,271.165,271.37,29257
1777561920,271.38,271.4,271.24,271.24,45348
1777561980,271.22,271.28,271.195,271.28,27236
1777562040,271.27,271.33,271.2312,271.29,26754
1777562100,271.28,271.41,271.25,271.375,42559
1777562160,271.375,271.58,271.35,271.46,89237
1777562220,271.47,271.47,270.95,270.99,82783
1777562280,271,271.11,270.96,271.01,49551
1777562340,271.015,271.18,270.995,271.145,46809
1777562400,271.125,271.35,271.045,271.3314,53276
1777562460,271.33,271.41,271.19,271.2,50131
1777562520,271.2,271.27,271.11,271.25,44004
1777562580,271.265,271.59,271.22,271.585,75369
1777562640,271.56,271.56,271.315,271.415,60297
1777562700,271.42,271.64,271.4,271.48,81536
1777562760,271.48,271.5,271.31,271.43,63030
1777562820,271.4204,271.445,271.26,271.329,32908
1777562880,271.32,271.375,271.2892,271.3,38063
1777562940,271.3,271.59,271.3,271.52,38990
1777563000,271.525,271.6299,271.37,271.37,29338
1777563060,271.39,271.44,271.3101,271.33,31644
1777563120,271.3327,271.44,271.3,271.38,28517
1777563180,271.38,271.42,271.26,271.285,22994
1777563240,271.275,271.35,271.23,271.31,29175
1777563300,271.3,271.465,271.2275,271.44,42967
1777563360,271.43,271.4545,271.25,271.34,33905
1777563420,271.31,271.52,271.295,271.51,29043
1777563480,271.5,271.6,271.415,271.58,39455
1777563540,271.565,271.6401,271.51,271.64,44138
1777563600,271.63,271.75,271.56,271.75,74816
1777563660,271.75,271.94,271.75,271.8,82797
1777563720,271.79,271.82,271.57,271.695,45843
1777563780,271.69,271.7,271.53,271.655,25674
1777563840,271.65,271.71,271.58,271.63,31525
1777563900,271.64,271.645,271.45,271.48,21903
1777563960,271.44,271.46,271.315,271.33,39905
1777564020,271.3299,271.37,271.18,271.21,50935
1777564080,271.21,271.36,271.19,271.31,28160
1777564140,271.3201,271.455,271.305,271.45,24343
1777564200,271.46,271.49,271.37,271.43,35572
1777564260,271.4146,271.58,271.41,271.58,27290
1777564320,271.57,271.61,271.495,271.59,39774
1777564380,271.6,271.64,271.44,271.49,30877
1777564440,271.48,271.58,271.48,271.58,34224
1777564500,271.59,271.87,271.59,271.855,54821
1777564560,271.84,271.9,271.75,271.78,28021
1777564620,271.775,271.825,271.72,271.76,34180
1777564680,271.77,271.88,271.745,271.82,38729
1777564740,271.8,271.98,271.765,271.92,30236
1777564800,271.9499,271.95,271.85,271.94,39669
1777564860,271.9201,271.95,271.7609,271.84,29518
1777564920,271.83,271.88,271.7701,271.82,16504
1777564980,271.8399,271.865,271.79,271.85,22846
1777565040,271.86,272,271.86,271.875,80574
1777565100,271.88,272.08,271.86,272.077,44933
1777565160,272.06,272.1,271.9872,271.99,35179
1777565220,271.98,272.2,271.9401,272.1736,27392
1777565280,272.19,272.35,272.18,272.23,46275
1777565340,272.22,272.24,272.07,272.14,29927
1777565400,272.115,272.35,272.115,272.34,45577
1777565460,272.33,272.43,272.28,272.35,40472
1777565520,272.36,272.375,272.27,272.35,25538
1777565580,272.36,272.56,272.35,272.4703,43717
1777565640,272.48,272.62,272.4715,272.6,49525
1777565700,272.6,272.6454,272.51,272.6454,80131
1777565760,272.64,272.69,272.56,272.69,50705
1777565820,272.68,272.7813,272.67,272.78,36792
1777565880,272.78,272.8,272.67,272.67,39367
1777565940,272.64,272.64,272.3062,272.3062,39623
1777566000,272.31,272.432,272.31,272.432,26353
1777566060,272.43,272.59,272.38,272.515,34712
1777566120,272.505,272.525,272.435,272.49,16227
1777566180,272.49,272.57,272.43,272.54,21330
1777566240,272.58,272.62,272.53,272.545,20595
1777566300,272.545,272.7499,272.4901,272.63,28784
1777566360,272.62,272.655,272.5106,272.53,25045
1777566420,272.535,272.59,272.51,272.58,28347
1777566480,272.58,272.82,272.58,272.8,77785
1777566540,272.795,273.0999,272.7601,273.06,151366
1777566600,273.08,273.4,273.08,273.23,253389
1777566660,273.2003,273.49,273.167,273.43,137753
1777566720,273.44,273.594,273.3572,273.41,126545
1777566780,273.42,273.605,273.3801,273.59,93237
1777566840,273.58,273.76,273.36,273.42,164668
1777566900,273.439,273.5599,273.36,273.485,158495
1777566960,273.47,273.5,273.24,273.32,101771
1777567020,273.32,273.32,272.99,273.025,54628
1777567080,273.025,273.22,272.9941,273.05,73707
1777567140,273.02,273.2,273.01,273.16,36293
1777567200,273.16,273.24,273.11,273.13,33786
1777567260,273.125,273.19,273.07,273.085,41784
1777567320,273.08,273.16,272.92,273.11,52198
1777567380,273.115,273.2,273.02,273.02,28656
1777567440,273.02,273.03,272.92,272.9702,38106
1777567500,272.97,272.98,272.81,272.86,36007
1777567560,272.85,272.95,272.845,272.93,20127
1777567620,272.94,272.975,272.88,272.9,25927
1777567680,272.9,272.92,272.78,272.845,75600
1777567740,272.85,272.99,272.85,272.901,25783
1777567800,272.9,272.9,272.46,272.46,70959
1777567860,272.45,272.47,272.22,272.23,54880
1777567920,272.2101,272.25,272.07,272.16,57593
1777567980,272.15,272.2401,272.03,272.215,39249
1777568040,272.2,272.2131,272.09,272.09,31293
1777568100,272.08,272.1,271.9044,271.91,56990
1777568160,271.91,271.97,271.82,271.87,57513
1777568220,271.91,271.91,271.71,271.75,32186
1777568280,271.75,271.97,271.71,271.94,38784
1777568340,271.95,271.97,271.895,271.955,41003
1777568400,271.96,272.15,271.9,272.107,46329
1777568460,272.105,272.13,271.93,272.0101,65665
1777568520,272.02,272.1,271.94,271.94,34571
1777568580,271.93,271.9509,271.8032,271.83,32648
1777568640,271.82,271.9299,271.7,271.77,40979
1777568700,271.76,271.875,271.76,271.87,28269
1777568760,271.875,271.97,271.68,271.93,50609
1777568820,271.94,272.04,271.9,272.02,53925
1777568880,272.02,272.13,272.02,272.11,37605
1777568940,272.1,272.24,272.08,272.19,54136
1777569000,272.18,272.22,272.11,272.17,35170
1777569060,272.17,272.1839,272.07,272.1839,29980
1777569120,272.19,272.35,272.18,272.34,45379
1777569180,272.3497,272.56,272.33,272.53,63473
1777569240,272.5251,272.58,272.31,272.31,40062
1777569300,272.3,272.3,272.22,272.26,19221
1777569360,272.29,272.43,272.29,272.4,27934
1777569420,272.405,272.41,272.3,272.3299,23506
1777569480,272.3199,272.37,272.29,272.34,49873
1777569540,272.36,272.4,272.19,272.25,42071
1777569600,272.25,272.3,272.12,272.145,50415
1777569660,272.14,272.16,272.0501,272.075,48037
1777569720,272.075,272.34,272.02,272.18649,75077
1777569780,272.195,272.27,272.13,272.235,25309
1777569840,272.225,272.52,272.22,272.48,49641
1777569900,272.485,272.59,272.48,272.58,44121
1777569960,272.58,272.59,272.44,272.49,23774
1777570020,272.495,272.59,272.44,272.49,22483
1777570080,272.485,272.66,272.48,272.63,37629
1777570140,272.61,272.83,272.585,272.785,35927
1777570200,272.81,273.17,272.8,273.12,103204
1777570260,273.115,273.22,273.04,273.15,57299
1777570320,273.125,273.28,273,273.195,46853
1777570380,273.19,273.27,273.1415,273.255,38044
1777570440,273.24,273.4385,273.24,273.4,44494
1777570500,273.41,273.67,273.4001,273.54,94718
1777570560,273.54,273.54,273.42,273.47,49713
1777570620,273.4703,273.49,273.38,273.39,41445
1777570680,273.38,273.4,273.205,273.225,55625
1777570740,273.24,273.415,273.24,273.415,45404
1777570800,273.41,273.56,273.31,273.45,62345
1777570860,273.45,273.64,273.45,273.64,54856
1777570920,273.63,273.6669,273.55,273.59,41100
1777570980,273.59,273.68,273.495,273.68,39995
1777571040,273.68,273.76,273.64,273.71,69924
1777571100,273.73,273.82,273.64,273.815,61062
1777571160,273.82,273.86,273.725,273.8,35674
1777571220,273.81,273.82,273.63,273.6607,47486
1777571280,273.66,273.81,273.5,273.8,98698
1777571340,273.8,273.85,273.72,273.74,43752
1777571400,273.7377,273.75,273.68,273.69,30664
1777571460,273.6825,273.73,273.59,273.655,82552
1777571520,273.64,273.69,273.61,273.66,26374
1777571580,273.6599,273.74,273.65,273.69,30069
1777571640,273.69,273.7799,273.6701,273.73,35596
1777571700,273.74,273.77,273.68,273.765,41306
1777571760,273.76,273.765,273.6662,273.6662,38385
1777571820,273.675,273.675,273.58,273.585,30539
1777571880,273.5899,273.64,273.58,273.625,25631
1777571940,273.625,273.7,273.595,273.61,34272
1777572000,273.615,273.905,273.57,273.9,109995
1777572060,273.91,274,273.88,273.97,63954
1777572120,273.98,274.2,273.96,274.1981,107954
1777572180,274.195,274.2,274.06,274.1,47072
1777572240,274.1,274.1,274.025,274.095,26417
1777572300,274.09,274.11,274.01,274.015,38557
1777572360,274.03,274.18,274.03,274.145,55612
1777572420,274.145,274.1699,274.08,274.09,31868
1777572480,274.08,274.125,274.01,274.105,31136
1777572540,274.1,274.19,274.085,274.13,44689
1777572600,274.12,274.18,274.095,274.11,37668
1777572660,274.11,274.14,274.02,274.0299,59337
1777572720,274.03,274.05,273.96,274.04,54639
1777572780,274.055,274.09,273.9709,273.99,19512
1777572840,273.995,274.02,273.94,273.98,39992
1777572900,273.99,274.0199,273.9249,273.96,26355
1777572960,273.95,273.97,273.835,273.86,58801
1777573020,273.85,274,273.8,273.9993,67991
1777573080,273.995,274.01,273.91,273.965,44089
1777573140,273.97,274.01,273.915,273.99,31161
1777573200,273.99,274.07,273.99,274.015,46123
1777573260,274.015,274.0448,273.9501,274.025,20167
1777573320,274.03,274.079,273.84,273.85,41777
1777573380,273.84,273.86,273.75,273.8,34374
1777573440,273.81,273.84,273.62,273.65,36917
1777573500,273.64,273.65,273.495,273.51,44245
1777573560,273.495,273.59,273.4498,273.58,40107
1777573620,273.57,273.66,273.57,273.62,37484
1777573680,273.615,273.6925,273.59,273.64,31961
1777573740,273.64,273.7,273.55,273.6,29779
1777573800,273.58,273.7,273.56,273.6,37317
1777573860,273.585,273.655,273.55,273.56,27069
1777573920,273.5699,273.58,273.5,273.555,33587
1777573980,273.56,273.61,273.545,273.6,34243
1777574040,273.6,273.63,273.55,273.62,33291
1777574100,273.6202,273.72,273.6201,273.7,35196
1777574160,273.7,273.83,273.69,273.825,37398
1777574220,273.83,273.86,273.74,273.77,28872
1777574280,273.77,273.895,273.74,273.87,28129
1777574340,273.88,273.93,273.855,273.87,22831
1777574400,273.86,273.88,273.81,273.85,29003
1777574460,273.85,273.88,273.79,273.82,33156
1777574520,273.81,273.94,273.79,273.82,41485
1777574580,273.82,273.85,273.76,273.78,23364
1777574640,273.775,273.78,273.61,273.63,39323
1777574700,273.6224,273.64,273.53,273.5638,27424
1777574760,273.56,273.625,273.5,273.58,34790
1777574820,273.56,273.6,273.5,273.51,44122
1777574880,273.535,273.69,273.52,273.65,36377
1777574940,273.63,273.726939,273.5801,273.7,32095
1777575000,273.69,273.89,273.67,273.86,35916
1777575060,273.86,273.88,273.77,273.77,35148
1777575120,273.78,273.9099,273.73,273.8799,44427
1777575180,273.86,273.86,273.52,273.52,48274
1777575240,273.5299,273.5999,273.45,273.46,44671
1777575300,273.46,273.46,273.1137,273.14,43395
1777575360,273.1326,273.19,273.08,273.09,64644
1777575420,273.07,273.24,273.07,273.165,50930
1777575480,273.16,273.22,273.12,273.13,35232
1777575540,273.125,273.24,273.04,273.095,124427
1777575600,273.0801,273.28,272.82,273.26,114747
1777575660,273.275,273.5,273.25,273.48,41431
1777575720,273.48,273.62,273.475,273.57,53858
1777575780,273.57,273.7,273.56,273.585,58503
1777575840,273.59,273.78,273.59,273.76,64880
1777575900,273.76,273.85,273.68,273.81,46925
1777575960,273.78,274.08,273.78,274.01,67235
1777576020,274.02,274.17,273.99,274.045,100647
1777576080,274.045,274.11,273.95,274.05,49979
1777576140,274.055,274.08,273.84,273.95,84645
1777576200,273.95,274.02,273.93,273.98,33580
1777576260,273.983,274.02,273.91,273.99,42039
1777576320,273.985,274.1,273.985,274.07,40114
1777576380,274.08,274.25,274.06,274.2299,67282
1777576440,274.21,274.25,274.16,274.22,74164
1777576500,274.22,274.235,274.09,274.197,70630
1777576560,274.19,274.35,274.155,274.29,103012
1777576620,274.27,274.35,274.27,274.3,73061
1777576680,274.3,274.38,274.105,274.31,92072
1777576740,274.3,274.325,274.11,274.18,61932
1777576800,274.15,274.2,274.09,274.18,46606
1777576860,274.17,274.17,274.0299,274.12,48513
1777576920,274.12,274.17,273.99,274.07,73914
1777576980,274.08,274.15,274,274.11,61134
1777577040,274.11,274.31,274.11,274.28,64896
1777577100,274.29,274.4,274.27,274.365,98753
1777577160,274.36,274.37,274.26,274.315,68984
1777577220,274.31,274.46,274.26,274.27,70774
1777577280,274.2899,274.38,274.2544,274.34,54491
1777577340,274.35,274.495,274.35,274.49,83111
1777577400,274.47,274.53,274.135,274.17,113226
1777577460,274.1501,274.2,273.95,273.95,74065
1777577520,273.965,274.15,273.92,274.1,84252
1777577580,274.095,274.13,274,274.095,116308
1777577640,274.09,274.12,273.91,273.945,84383
1777577700,273.95,274.089,273.9,274.06,66583
1777577760,274.06,274.27,274.06,274.116,128036
1777577820,274.14,274.24,274.1,274.2325,66622
1777577880,274.22,274.24,274.05,274.13,66453
1777577940,274.135,274.17,274.05,274.1559,80643
1777578000,274.14,274.25,274.11,274.15,56616
1777578060,274.145,274.19,274.095,274.17,56363
1777578120,274.17,274.41,274.17,274.33,143282
1777578180,274.34,274.36,274.26,274.32,86242
1777578240,274.32,274.49,274.315,274.49,85317
1777578300,274.48,274.55,274.37,274.38,135612
1777578360,274.38,274.475,274.296,274.31,105522
1777578420,274.3084,274.44,274.3,274.34,81131
1777578480,274.345,274.41,274.28,274.32,88802
1777578540,274.31,274.41,274.16,274.2651,87489
1777578600,274.27,276,274.27,275.7011,1375009
1777578660,275.7,275.7,274.77,274.9,506779
1777578720,274.94,274.94,273.23,273.475,793396
1777578780,273.51,273.62,273.06,273.55,415332
1777578840,273.55,273.56,271.59,272.385,519643
1777578900,272.42,272.42,271.065,271.305,844368
1777578960,271.31,271.97,271.305,271.52,576548
1777579020,271.53,271.54,270.34,270.87,925693
1777579080,270.89,271.2,270.56,270.97,975527
1777579140,270.97,272.24,270.95,271.205,1988147
1777642200,278.855,281.75,278.37,281.4,2813814
1777642260,281.4,282.77,280.525,281.075,1196059
1777642320,281.055,283.25,280.85,283.02,958438
1777642380,283,283.75,282.17,282.39,771026
1777642440,282.43,282.82,280.61,280.75,568301
1777642500,280.68,281.38,279.75,279.96,554913
1777642560,280,280.37,278.64,279.08,514931
1777642620,279.1,280.45,279,280.39,527477
1777642680,280.4,280.44,279.2957,280.2913,440634
1777642740,280.32,281.76,280.23,280.99,432748
1777642800,280.9875,281.97,280.915,281.9,339882
1777642860,281.9,282.15,280.77,281.53,508914
1777642920,281.47,281.715,280.74,281.42,229844
1777642980,281.435,282.39,281.33,282.19,365056
1777643040,282.205,282.65,281.76,282.15,397978
1777643100,282.02,282.42,281.42,282.31,308115
1777643160,282.315,282.85,281.96,282.52,386420
1777643220,282.535,283,282.44,282.6201,373417
1777643280,282.6208,283.55,282.61,283.29,514599
1777643340,283.31,283.73,283.02,283.4275,370142
1777643400,283.513,284.46,283.21,284.45,598416
1777643460,284.4404,284.47,283.77,283.81,296462
1777643520,283.839,284.75,283.56,284.525,380502
1777643580,284.495,284.5325,283.41,283.64,277727
1777643640,283.68,284.25,283.485,283.54,251875
1777643700,283.549,284.34,283.52,283.9,340758
1777643760,283.8901,284.03,283.23,283.23,214433
1777643820,283.23,283.68,282.87,283.1601,203142
1777643880,283.2,283.61,282.9,283.5115,193151
1777643940,283.53,284.17,283.37,283.95,243269
1777644000,283.95,284.68,283.825,284.68,310811
1777644060,284.655,285.42,284.44,285.06,1155120
1777644120,285.08,285.45,284.65,284.85,264634
1777644180,284.8303,284.94,284.35,284.8599,296774
1777644240,284.855,285.35,284.68,285.27,404248
1777644300,285.2599,285.3,284.3503,284.6899,243177
1777644360,284.665,285.22,284.6401,285.22,217086
1777644420,285.19,285.6,284.8001,284.8105,302691
1777644480,284.8351,285.46,284.75,285.4148,199247
1777644540,285.39,286.1,285.39,285.775,686049
1777644600,285.775,286.19,285.65,286,300446
1777644660,285.97,286.14,285.77,286.02,219526
1777644720,286.01,286.97,285.9,286.92,443745
1777644780,286.915,287.22,286.65,286.83,464219
1777644840,286.83,286.99,286.03,286.1,311118
1777644900,286.115,286.29,285.78,285.9806,290106
1777644960,285.99,286.46,285.87,286.2,211923
1777645020,286.15,286.2,285.83,285.93,167402
1777645080,285.94,286.42,285.84,285.975,162925
1777645140,285.95,286.15,285.38,285.5,181621
1777645200,285.505,286,285.475,285.735,220240
1777645260,285.7,285.81,285.47,285.6576,183953
1777645320,285.67,285.82,285.39,285.54,152874
1777645380,285.54,285.69,285.31,285.475,158307
1777645440,285.472619,285.6,285.1601,285.1601,208986
1777645500,285.179,285.74,285.17,285.72,190057
1777645560,285.67,285.74,285.41,285.515,214997
1777645620,285.515,285.61,285.26,285.32,155342
1777645680,285.32,285.5299,285.04,285.3401,196410
1777645740,285.35,285.48,285.105,285.34,215981
1777645800,285.3401,285.58,284.91,285.2,251448
1777645860,285.18,285.6,284.71,284.77,205648
1777645920,284.745,284.8999,284.1,284.14,225911
1777645980,284.23,284.32,283.95,284.265,285169
1777646040,284.265,284.5662,284.07,284.255,187542
1777646100,284.26,284.3899,283.7,283.805,133773
1777646160,283.82,284.14,283.67,283.72,145225
1777646220,283.72,283.93,283.42,283.53,164918
1777646280,283.5,283.77,283.25,283.525,136523
1777646340,283.53,283.58,283.01,283.07,197449
1777646400,283.07,283.23,282.76,282.87,179063
1777646460,282.87,282.89,282.3,282.592,185311
1777646520,282.61,282.8399,282.38,282.53,158818
1777646580,282.54,282.71,282.32,282.585,148911
1777646640,282.63,282.83,282.31,282.39,160959
1777646700,282.38,282.38,282.01,282.16,141080
1777646760,282.1001,282.51,282.08,282.48,132941
1777646820,282.48,282.95,282.48,282.8,210702
1777646880,282.805,283.15,282.56,283.07,171770
1777646940,283.09,283.2299,282.97,283.14,103481
1777647000,283.18,283.31,282.9173,283.125,153609
1777647060,283.1,283.6,283.04,283.5499,207458
1777647120,283.52,283.58,283.1227,283.23,101990
1777647180,283.205,283.55,283.1801,283.51,76940
1777647240,283.515,283.7,283.43,283.4999,84444
1777647300,283.48,283.73,283.24,283.47,87197
1777647360,283.48,283.5698,283.355,283.435,89740
1777647420,283.417226,283.6299,283.2,283.26,81640
1777647480,283.25,283.33,282.92,282.9775,105400
1777647540,282.98,283.12,282.61,282.61,101741
1777647600,282.65,282.91,282.425,282.43,125432
1777647660,282.435,282.435,281.5408,281.9,245867
1777647720,281.91,281.93,281.58,281.87,109265
1777647780,281.845,282.11,281.46,282.105,175462
1777647840,282.08,282.1085,281.71,281.88,105310
1777647900,281.875,282.17,281.8,282.12,79257
1777647960,282.12,282.23,281.78,281.945,123532
1777648020,281.93,282.05,281.75,281.99,102141
1777648080,281.98,282.39,281.96,282.2,121359
1777648140,282.19,282.37,282.04,282.0801,65938
1777648200,282.1,282.284,281.97,282.1,60486
1777648260,282.095,282.47,282.04,282.4,84478
1777648320,282.41,282.98,282.405,282.98,100185
1777648380,282.9621,283.4,282.93,283.355,160871
1777648440,283.3304,283.55,283.13,283.5325,139790
1777648500,283.51,283.65,283.4901,283.63,97561
1777648560,283.63,283.67,283.27,283.29,137526
1777648620,283.28,283.75,283.26,283.7207,113050
1777648680,283.75,283.815,283.5,283.525,115104
1777648740,283.53,284.03,283.51,284.01,161030
1777648800,284.01,284.19,283.85,284.14,125095
1777648860,284.14,284.27,284.01,284.132621,187547
1777648920,284.165,284.25,283.97,284.015,96565
1777648980,284.015,284.21,283.92,284.04,73751
1777649040,284.05,284.125,283.675,283.9699,99774
1777649100,283.945,283.99,283.8,283.865,79549
1777649160,283.87,283.89,283.552,283.655,105701
1777649220,283.655,283.8399,283.5119,283.8,100940
1777649280,283.815,283.85,283.5901,283.695,70882
1777649340,283.7,284.03,283.67,283.94,92764
1777649400,283.955,284.02,283.56,283.63,101654
1777649460,283.64,283.75,283.57,283.62,47634
1777649520,283.62,283.62,283.2,283.32,109255
1777649580,283.3301,283.475,283.3101,283.44,50014
1777649640,283.44,283.6399,283.38,283.62,65552
1777649700,283.615,283.8,283.55,283.6824,74650
1777649760,283.685,283.95,283.66,283.885,51226
1777649820,283.89,284.29,283.87,284.2,146880
1777649880,284.23,284.41,284.151,284.395,115944
1777649940,284.38,284.55,284.31,284.48,93420
1777650000,284.47,284.64,284.25,284.52,120781
1777650060,284.52,284.7,284.48,284.67,83368
1777650120,284.6795,284.85,284.66,284.79,131505
1777650180,284.79,284.94,284.53,284.57,170608
1777650240,284.56,284.835,284.4901,284.81,90779
1777650300,284.8,284.84,284.44,284.47,110556
1777650360,284.492081,284.79,284.39,284.665,147825
1777650420,284.665,285.21,284.665,285.21,293320
1777650480,285.19,285.4499,285.1,285.4493,122696
1777650540,285.44,285.49,285.25,285.275,85956
1777650600,285.28,285.4,284.65,284.91,210354
1777650660,284.91,285.37,284.9,285.34,154484
1777650720,285.32,285.35,284.8305,284.935,127574
1777650780,284.92,285.13,284.82,285.05,110118
1777650840,285.04,285.23,285,285.06,76811
1777650900,285.02,285.06,284.7801,285.01,106217
1777650960,285.025,285.2,284.9002,284.99,70903
1777651020,284.995,285.12,284.85,284.875,79659
1777651080,284.863,284.94,284.64,284.79,91343
1777651140,284.79,284.84,284.635,284.75,91497
1777651200,284.71,284.8803,284.68,284.84,64347
1777651260,284.84,284.9,284.51,284.595,70011
1777651320,284.58,284.765,284.53,284.66,53016
1777651380,284.65,284.73,284.585,284.71,61701
1777651440,284.73,284.94,284.6801,284.925,86627
1777651500,284.9388,285,284.74,284.775,78841
1777651560,284.775,284.775,284.39,284.41,166026
1777651620,284.41,284.55,284.17,284.185,151166
1777651680,284.185,284.29,284.02,284.03,85218
1777651740,284.03,284.13,283.865,283.99,91378
1777651800,283.97,283.985,283.81,283.885,47089
1777651860,283.88,284.03,283.86,283.9806,64016
1777651920,283.995,284.05,283.93,283.95,46258
1777651980,283.96,284.15,283.823,283.98,96193
1777652040,283.995,284.0699,283.92,283.97,76304
1777652100,283.965,284.36,283.95,284.35,102658
1777652160,284.36,284.77,284.35,284.75,117587
1777652220,284.75,284.76,284.3,284.4,103064
1777652280,284.4,284.48,284.14,284.2,83457
1777652340,284.195,284.3799,284.13,284.32,86810
1777652400,284.355,284.46,284.2,284.415,59594
1777652460,284.43,284.43,284.2406,284.32,82063
1777652520,284.325,284.385,284.185,284.225,49979
1777652580,284.22,284.28,283.6,283.79,136373
1777652640,283.79,283.92,283.6702,283.735,91830
1777652700,283.735,283.795,283.34,283.61,77452
1777652760,283.62,283.71,283.44,283.6001,93386
1777652820,283.605,283.78,283.48,283.78,87950
1777652880,283.765,283.93,283.7503,283.915,62393
1777652940,283.91,284,283.88,283.955,51708
1777653000,283.955,284.105,283.84,284.0201,108197
1777653060,284.035,284.11,283.95,284.1,63077
1777653120,284.1,284.11,283.71,283.9101,72590
1777653180,283.9,283.93,283.6,283.635,96660
1777653240,283.64,283.83,283.63,283.79,56365
1777653300,283.7822,283.98,283.61,283.9502,58000
1777653360,283.965,284,283.51,283.52,72466
1777653420,283.52,283.75,283.46,283.5,64019
1777653480,283.49,283.55,283.41,283.47,62689
1777653540,283.45,283.47,283.31,283.375,78658
1777653600,283.36,283.58,283.34,283.43,76236
1777653660,283.42,283.605,283.405,283.6,56480
1777653720,283.6,283.61,283.22,283.24,79503
1777653780,283.2599,283.2599,283.045,283.195,73048
1777653840,283.1955,283.23,282.93,282.93,62394
1777653900,282.945,283,282.8,282.95,78718
1777653960,282.95,283,282.86,282.985,56477
1777654020,282.985,283,282.63,282.72,81471
1777654080,282.73,282.75,282.53,282.56,83239
1777654140,282.56,282.665,282.47,282.585,69032
1777654200,282.585,282.62,282.42,282.49,83228
1777654260,282.484,282.51,282.3951,282.49,69557
1777654320,282.5,282.81,282.47,282.8,76865
1777654380,282.8,283.06,282.8,282.99,128337
1777654440,282.995,283.24,282.96,283.11,110301
1777654500,283.11,283.53,283.11,283.3885,87876
1777654560,283.3893,283.48,283.3,283.36,53324
1777654620,283.365,283.6199,283.3201,283.58,68109
1777654680,283.58,283.59,283.46,283.51,57604
1777654740,283.51,283.515,283.05,283.117,86135
1777654800,283.13,283.3111,283.125,283.18,50530
1777654860,283.18,283.5,283.17,283.365,54826
1777654920,283.37,283.41,283.22,283.305,43613
1777654980,283.29,283.3,283.07,283.185,55517
1777655040,283.17,283.18,282.82,282.83,72938
1777655100,282.83,282.8301,282.68,282.78,85140
1777655160,282.77,282.92,282.73,282.736,54573
1777655220,282.73,282.75,282.6501,282.655,48900
1777655280,282.6601,282.85,282.66,282.67,44242
1777655340,282.68,282.71,282.47,282.6245,80162
1777655400,282.635,282.94,282.62,282.94,62513
1777655460,282.94,282.9499,282.735,282.8,46733
1777655520,282.805,282.82,282.5,282.575,87389
1777655580,282.57,282.77,282.56,282.74,46094
1777655640,282.73,282.76,282.61,282.67,35909
1777655700,282.67,282.68,282.52,282.67,69573
1777655760,282.665,282.7899,282.44,282.47,61171
1777655820,282.46,282.63,282.41,282.515,45743
1777655880,282.515,282.66,282.46,282.51,40928
1777655940,282.52,282.66,282.44,282.65,51831
1777656000,282.65,282.79,282.62,282.67,57053
1777656060,282.68,282.8591,282.67,282.75,44769
1777656120,282.76,282.86,282.67,282.85,53443
1777656180,282.85,282.85,282.66,282.75,54907
1777656240,282.76,282.92,282.7401,282.87,56464
1777656300,282.885,283.1,282.8803,283.035,98568
1777656360,283.03,283.09,282.9596,282.97,63764
1777656420,282.97,282.97,282.74,282.8,62976
1777656480,282.81,282.84,282.6301,282.73,50853
1777656540,282.75,282.96,282.73,282.81,53328
1777656600,282.805,282.805,282.66,282.76,28082
1777656660,282.76,282.82,282.69,282.7,32049
1777656720,282.705,282.71,282.45,282.5,54318
1777656780,282.5,282.515,282.19,282.25,119019
1777656840,282.25,282.3197,282.22,282.22,43123
1777656900,282.22,282.38,282.03,282.33,91010
1777656960,282.3499,282.4476,282.19,282.34,74820
1777657020,282.365,282.38,282.18,282.235,56224
1777657080,282.23,282.38,282.18,282.22,59868
1777657140,282.225,282.44,282.2,282.37,56176
1777657200,282.37,282.44,282.36,282.37,14192